-- phpMyAdmin SQL Dump
-- version 4.4.1.1
-- http://www.phpmyadmin.net
--
-- Host: localhost:3306
-- Erstellungszeit: 20. Jun 2015 um 13:49
-- Server-Version: 5.5.42
-- PHP-Version: 5.6.7

SET SQL_MODE = "NO_AUTO_VALUE_ON_ZERO";
SET time_zone = "+00:00";

--
-- Datenbank: `hireme`
--


--
-- Daten für Tabelle `company`
--

INSERT INTO `company` (`id`, `name`, `street`, `houseno`, `zip`, `city`, `sector`, `employeeAmount`) VALUES
(1, 'Biomet, Inc.', 'Lyne Street', '141400304', '95874', 'Thessaloniki', 8, 7),
(2, 'Circuit City Group', 'Telford Street', '143053720', '53455', 'Workington', 2, 0),
(3, 'Monster Worldwide', 'Dorinda Drive', '141768016', '61120', 'Crewe', 5, 3),
(4, 'Rockwell Collins', 'Crystal Road', '143053640', '24546', 'Piraeus', 9, 7),
(5, 'AFLAC Inc.', 'Pine Grove', '143053800', '96123', 'Warsaw', 10, 2),
(6, 'Intuit, Inc.', 'Kwigillingok Street', '141357312', '80275', 'Del Mar', 2, 7),
(7, 'Simon Property Group, Inc', 'Sleta Street', '143053560', '92544', 'Limoges', 7, 10),
(8, 'Forest Laboratories', 'Kirkstyle PIace', '141400304', '62048', 'Shreveport', 0, 6),
(9, 'Bard (C.R.) Inc.', 'Margaret Avenue', '143053720', '37561', 'Baton Rouge', 10, 3),
(10, 'Adolph Coors Co.', 'Jennifer Circle', '141768016', '30527', 'Bjelovar', 6, 0),
(11, 'Millipore Corp.', 'Drumnessie Court', '143053640', '85836', 'Sapporo', 10, 5),
(12, 'Marriott International Inc.', 'Alaska Street', '143053800', '44315', 'Wrexham', 5, 4),
(13, 'Hughes Supply Inc.', 'Prudhoe Bay Avenue', '141357312', '25964', 'Armavir', 1, 10),
(14, 'Genuine Parts Co.', 'Sandpiper Court', '143053560', '29150', 'Tacoma', 0, 10),
(15, 'Franklin Resources', 'Spindrift Circle', '141400304', '06793', 'Belem', 1, 5),
(16, 'Moody''s Corp', 'GIen Shee Crescent', '143053720', '34333', 'Birmingham', 5, 9),
(17, 'Public Service Enterprise Group Inc.', 'Langdale Road', '141768016', '36911', 'Cheltenham', 5, 9),
(18, 'TransMontaigne Inc.', 'Hillcrest Road', '143053560', '60383', 'Knoxville', 1, 10),
(19, 'Automatic Data Processing Inc.', 'Woburn Circle', '143053800', '30415', 'Riverside', 8, 7),
(20, 'First Data Corp.', 'Glenn Sb Off Lake Hill Ramp', '141357312', '92750', 'Luhansk', 3, 5),
(21, 'AGCO Corp.', 'Lilybank Avenue', '143053960', '10037', 'Lexington-Fayette', 5, 3),
(22, 'Bank One Corp.', 'Murdostoun View', '141400304', '39094', 'Banbury', 5, 7),
(23, 'JPMorgan Chase & Co.', 'Birch Road', '143053720', '14973', 'Nea Liosia', 7, 8),
(24, 'Dole Food Co. Inc.', 'East Ship Creek Avenue', '141768016', '34615', 'Heywood', 1, 9),
(25, 'Thrivent Financial for Lutherans', 'Chugach Meadows Loop', '143053560', '90535', 'Derby', 9, 3),
(26, 'Lowe''s Cos. Inc.', 'Hillfoot Gardens', '143053800', '48888', 'Harrow', 4, 4),
(27, 'Dell Inc.', 'Currieside Avenue', '141357312', '12854', 'Tromso', 4, 4),
(28, 'Clorox Co.', 'Atka Circle', '141768016', '34009', 'Glenrothes', 6, 8),
(29, 'Alcoa Inc', 'Johnny Drive', '141400304', '79497', 'Tai Tam', 3, 2),
(30, 'Newmont Mining Corp.', 'View Circle', '143053720', '94228', 'New Castle', 9, 8),
(31, 'National Oilwell Varco, Inc.', 'Alpine Avenue', '141403104', '93842', 'Kota Kinabalu', 7, 5),
(32, 'Harrah''s Entertainment Inc.', 'Carradale Street', '143053560', '69020', 'Karachi', 1, 5),
(33, 'American Axle & Manufacturing Holdings Inc.', 'Tena Street', '143053800', '70733', 'Cannock', 5, 10),
(34, 'Goodyear Tire & Rubber Co.', 'Chris Circle', '143053720', '85419', 'Newcastle', 2, 10),
(35, 'EOG Resources', 'Alta Drive', '141768016', '59996', 'Madrid', 6, 2),
(36, 'Schlumberger Ltd.', 'Coldstream Grove', '141400304', '06543', 'Aptos', 1, 10),
(37, 'Apache Corp.', 'Arne Erickson Circle', '141404064', '87001', 'Henderson', 1, 1),
(38, 'BellSouth Corp.', 'Rosser Drive', '141403104', '26649', 'Cheju', 7, 10),
(39, 'Transocean Inc.', 'Laxford Way', '143053560', '25521', 'Esfahan', 3, 4),
(40, 'New York Times Cl. A', 'Glenn Sb Off Lake Hill Ramp', '143053800', '93511', 'La Jolla', 9, 7),
(41, 'Constellation Brands', 'Buskin Circle', '143053720', '38623', 'Elizabeth', 1, 7),
(42, 'Ambac Financial Group', 'Lawrie PIace', '141768016', '50953', 'Split', 7, 10),
(43, 'Edison International', 'Park Hills Circle', '141400304', '26419', 'Buffalo', 7, 2),
(44, 'Reebok International Ltd.', 'CrowhilI Crescent', '141404064', '37494', 'Nevers', 0, 2),
(45, 'Pepsi Bottling Group', 'Atlantis Avenue', '141403104', '96272', 'Bodo', 6, 4),
(46, 'Vulcan Materials', 'East 115th Avenue', '143053560', '26993', 'Melun', 6, 6),
(47, 'Archstone-Smith Trust', 'Ptarmigan Court', '143053800', '51166', 'Asbest', 10, 8),
(48, 'Cooper Industries, Ltd.', 'Porcupine Trail Road', '143053720', '61232', 'Seattle', 5, 2),
(49, 'Express Scripts Inc.', 'Raven Drive', '141768016', '69144', 'Privas', 8, 0),
(50, 'United Technologies Corp.', 'Runners Court', '141400304', '47909', 'Nizhny Novgorod', 9, 9);


--
-- Daten für Tabelle `job`
--

INSERT INTO `job` (`id`, `description`, `job_begin`, `job_end`, `zip`, `sector`, `company_id`, `active`, `created_at`, `updated_at`, `title`, `type`, `city`, `time`, `allocated`) VALUES
(12927919, 'Es gibt im Moment in diese Mannschaft, oh, einige Spieler vergessen ihnen Profi was sie sind. Ich lese nicht sehr viele Zeitungen, aber ich habe gehört viele Situationen. Erstens: wir haben nicht offensiv gespielt. Es gibt keine deutsche Mannschaft.', '0509-02-19 00:00:00', '2018-03-26 00:00:00', 28055, 9, 3, 1, '2015-06-19 22:46:37', NULL, 'Stripper', 1, 'Belgrade', 4, 0),
(122911147, 'Es gibt im Moment in diese Mannschaft, oh, einige Spieler vergessen ihnen Profi was sie sind. Ich lese nicht sehr viele Zeitungen, aber ich habe gehört viele Situationen. Erstens: wir haben nicht offensiv gespielt. Es gibt keine deutsche Mannschaft.', '1364-10-28 00:00:00', '2020-01-22 00:00:00', 92639, 2, 3, 1, '2015-06-19 22:46:37', NULL, 'Elektoniker', 2, 'Santa Monica', 5, 0),
(133834026, 'Es gibt im Moment in diese Mannschaft, oh, einige Spieler vergessen ihnen Profi was sie sind. Ich lese nicht sehr viele Zeitungen, aber ich habe gehört viele Situationen. Erstens: wir haben nicht offensiv gespielt. Es gibt keine deutsche Mannschaft.', '0295-03-11 00:00:00', '2019-06-28 00:00:00', 14957, 4, 3, 1, '2015-06-19 22:46:37', NULL, 'Elektoniker', 3, 'Wichita', 5, 1),
(157640154, 'Es gibt im Moment in diese Mannschaft, oh, einige Spieler vergessen ihnen Profi was sie sind. Ich lese nicht sehr viele Zeitungen, aber ich habe gehört viele Situationen. Erstens: wir haben nicht offensiv gespielt. Es gibt keine deutsche Mannschaft.', '0520-01-06 00:00:00', '2017-06-30 00:00:00', 56154, 8, 3, 0, '2015-06-19 22:46:37', NULL, 'Frontend-Entwickler', 3, 'Barrow-in-Furness', 4, 1),
(195766791, 'Es gibt im Moment in diese Mannschaft, oh, einige Spieler vergessen ihnen Profi was sie sind. Ich lese nicht sehr viele Zeitungen, aber ich habe gehört viele Situationen. Erstens: wir haben nicht offensiv gespielt. Es gibt keine deutsche Mannschaft.', '1772-06-12 00:00:00', '2016-03-12 00:00:00', 64450, 9, 3, 1, '2015-06-19 22:46:37', NULL, 'Programmierer', 2, 'Aberyswyth', 6, 0),
(204291508, 'Es gibt im Moment in diese Mannschaft, oh, einige Spieler vergessen ihnen Profi was sie sind. Ich lese nicht sehr viele Zeitungen, aber ich habe gehört viele Situationen. Erstens: wir haben nicht offensiv gespielt. Es gibt keine deutsche Mannschaft.', '0927-09-27 00:00:00', '2018-01-16 00:00:00', 88356, 3, 34, 1, '2015-06-19 22:46:37', NULL, 'Stripper', 2, 'Balboa', 0, 1),
(273833100, 'Es gibt im Moment in diese Mannschaft, oh, einige Spieler vergessen ihnen Profi was sie sind. Ich lese nicht sehr viele Zeitungen, aber ich habe gehört viele Situationen. Erstens: wir haben nicht offensiv gespielt. Es gibt keine deutsche Mannschaft.', '0723-04-19 00:00:00', '2019-01-28 00:00:00', 76442, 6, 31, 1, '2015-06-19 22:46:37', NULL, 'Putze', 1, 'Dedovsk', 0, 0),
(277442503, 'Es gibt im Moment in diese Mannschaft, oh, einige Spieler vergessen ihnen Profi was sie sind. Ich lese nicht sehr viele Zeitungen, aber ich habe gehört viele Situationen. Erstens: wir haben nicht offensiv gespielt. Es gibt keine deutsche Mannschaft.', '0932-12-25 00:00:00', '2018-07-05 00:00:00', 5131, 10, 5, 0, '2015-06-19 22:46:37', NULL, 'Programmierer', 1, 'Vannes', 3, 0),
(341913750, 'Es gibt im Moment in diese Mannschaft, oh, einige Spieler vergessen ihnen Profi was sie sind. Ich lese nicht sehr viele Zeitungen, aber ich habe gehört viele Situationen. Erstens: wir haben nicht offensiv gespielt. Es gibt keine deutsche Mannschaft.', '0696-05-23 00:00:00', '2018-07-19 00:00:00', 53470, 4, 4, 1, '2015-06-19 22:46:37', NULL, 'Stripper', 1, 'Osaka', 2, 1),
(363539523, 'Es gibt im Moment in diese Mannschaft, oh, einige Spieler vergessen ihnen Profi was sie sind. Ich lese nicht sehr viele Zeitungen, aber ich habe gehört viele Situationen. Erstens: wir haben nicht offensiv gespielt. Es gibt keine deutsche Mannschaft.', '0785-11-22 00:00:00', '2018-09-19 00:00:00', 86898, 10, 6, 1, '2015-06-19 22:46:37', NULL, 'Stripper', 2, 'Montrose', 1, 0),
(400961504, 'Es gibt im Moment in diese Mannschaft, oh, einige Spieler vergessen ihnen Profi was sie sind. Ich lese nicht sehr viele Zeitungen, aber ich habe gehört viele Situationen. Erstens: wir haben nicht offensiv gespielt. Es gibt keine deutsche Mannschaft.', '1424-01-17 00:00:00', '2016-01-05 00:00:00', 533, 2, 10, 0, '2015-06-19 22:46:37', NULL, 'Frontend-Entwickler', 2, 'Nanchong', 0, 1),
(448011003, 'Es gibt im Moment in diese Mannschaft, oh, einige Spieler vergessen ihnen Profi was sie sind. Ich lese nicht sehr viele Zeitungen, aber ich habe gehört viele Situationen. Erstens: wir haben nicht offensiv gespielt. Es gibt keine deutsche Mannschaft.', '0278-03-23 00:00:00', '2016-08-06 00:00:00', 46581, 1, 41, 1, '2015-06-19 22:46:37', NULL, 'Programmierer', 2, 'Toledo', 3, 0),
(468082585, 'Es gibt im Moment in diese Mannschaft, oh, einige Spieler vergessen ihnen Profi was sie sind. Ich lese nicht sehr viele Zeitungen, aber ich habe gehört viele Situationen. Erstens: wir haben nicht offensiv gespielt. Es gibt keine deutsche Mannschaft.', '0269-01-14 00:00:00', '2017-07-07 00:00:00', 42907, 1, 42, 1, '2015-06-19 22:46:37', NULL, 'Putze', 2, 'Little Rock', 0, 0),
(469246060, 'Es gibt im Moment in diese Mannschaft, oh, einige Spieler vergessen ihnen Profi was sie sind. Ich lese nicht sehr viele Zeitungen, aber ich habe gehört viele Situationen. Erstens: wir haben nicht offensiv gespielt. Es gibt keine deutsche Mannschaft.', '0877-04-12 00:00:00', '2018-03-27 00:00:00', 84132, 4, 3, 0, '2015-06-19 22:46:37', NULL, 'Programmierer', 3, 'Peshawar', 4, 0),
(478690760, 'Es gibt im Moment in diese Mannschaft, oh, einige Spieler vergessen ihnen Profi was sie sind. Ich lese nicht sehr viele Zeitungen, aber ich habe gehört viele Situationen. Erstens: wir haben nicht offensiv gespielt. Es gibt keine deutsche Mannschaft.', '0528-01-14 00:00:00', '2019-03-22 00:00:00', 42472, 2, 4, 0, '2015-06-19 22:46:37', NULL, 'Stripper', 3, 'Budapest', 6, 0),
(512249428, 'Es gibt im Moment in diese Mannschaft, oh, einige Spieler vergessen ihnen Profi was sie sind. Ich lese nicht sehr viele Zeitungen, aber ich habe gehört viele Situationen. Erstens: wir haben nicht offensiv gespielt. Es gibt keine deutsche Mannschaft.', '1780-11-18 00:00:00', '2018-06-05 00:00:00', 81443, 1, 7, 1, '2015-06-19 22:46:37', NULL, 'Elektoniker', 1, 'Truk Atoll', 5, 1),
(589378741, 'Es gibt im Moment in diese Mannschaft, oh, einige Spieler vergessen ihnen Profi was sie sind. Ich lese nicht sehr viele Zeitungen, aber ich habe gehört viele Situationen. Erstens: wir haben nicht offensiv gespielt. Es gibt keine deutsche Mannschaft.', '0460-03-10 00:00:00', '2016-12-04 00:00:00', 25482, 3, 42, 0, '2015-06-19 22:46:37', NULL, 'Putze', 2, 'Stirling', 3, 0),
(636621415, 'Es gibt im Moment in diese Mannschaft, oh, einige Spieler vergessen ihnen Profi was sie sind. Ich lese nicht sehr viele Zeitungen, aber ich habe gehört viele Situationen. Erstens: wir haben nicht offensiv gespielt. Es gibt keine deutsche Mannschaft.', '0288-03-19 00:00:00', '2017-07-14 00:00:00', 86181, 6, 1, 1, '2015-06-19 22:46:37', NULL, 'Frontend-Entwickler', 2, 'Hannover', 1, 0),
(656947502, 'Es gibt im Moment in diese Mannschaft, oh, einige Spieler vergessen ihnen Profi was sie sind. Ich lese nicht sehr viele Zeitungen, aber ich habe gehört viele Situationen. Erstens: wir haben nicht offensiv gespielt. Es gibt keine deutsche Mannschaft.', '1890-08-11 00:00:00', '2016-07-20 00:00:00', 98906, 5, 42, 1, '2015-06-19 22:46:37', NULL, 'Stripper', 2, 'Columbus', 4, 0),
(692535514, 'Es gibt im Moment in diese Mannschaft, oh, einige Spieler vergessen ihnen Profi was sie sind. Ich lese nicht sehr viele Zeitungen, aber ich habe gehört viele Situationen. Erstens: wir haben nicht offensiv gespielt. Es gibt keine deutsche Mannschaft.', '1785-12-11 00:00:00', '2020-10-07 00:00:00', 73738, 2, 1, 0, '2015-06-19 22:46:37', NULL, 'Putze', 1, 'Fort Lauderdale', 4, 0),
(738265412, 'Es gibt im Moment in diese Mannschaft, oh, einige Spieler vergessen ihnen Profi was sie sind. Ich lese nicht sehr viele Zeitungen, aber ich habe gehört viele Situationen. Erstens: wir haben nicht offensiv gespielt. Es gibt keine deutsche Mannschaft.', '1526-02-09 00:00:00', '2018-06-16 00:00:00', 33259, 2, 8, 1, '2015-06-19 22:46:37', NULL, 'Putze', 0, 'Arica', 4, 1),
(765214771, 'Es gibt im Moment in diese Mannschaft, oh, einige Spieler vergessen ihnen Profi was sie sind. Ich lese nicht sehr viele Zeitungen, aber ich habe gehört viele Situationen. Erstens: wir haben nicht offensiv gespielt. Es gibt keine deutsche Mannschaft.', '0329-03-25 00:00:00', '2020-07-04 00:00:00', 48867, 6, 23, 0, '2015-06-19 22:46:37', NULL, 'Stripper', 3, 'Barnet', 2, 1),
(769134351, 'Es gibt im Moment in diese Mannschaft, oh, einige Spieler vergessen ihnen Profi was sie sind. Ich lese nicht sehr viele Zeitungen, aber ich habe gehört viele Situationen. Erstens: wir haben nicht offensiv gespielt. Es gibt keine deutsche Mannschaft.', '1079-04-26 00:00:00', '2018-12-15 00:00:00', 73567, 7, 3, 0, '2015-06-19 22:46:37', NULL, 'Frontend-Entwickler', 2, 'Orange', 2, 0),
(800141781, 'Es gibt im Moment in diese Mannschaft, oh, einige Spieler vergessen ihnen Profi was sie sind. Ich lese nicht sehr viele Zeitungen, aber ich habe gehört viele Situationen. Erstens: wir haben nicht offensiv gespielt. Es gibt keine deutsche Mannschaft.', '0941-11-25 00:00:00', '2019-05-16 00:00:00', 56077, 10, 5, 0, '2015-06-19 22:46:37', NULL, 'Frontend-Entwickler', 2, 'Sunderland', 2, 1),
(880871050, 'Es gibt im Moment in diese Mannschaft, oh, einige Spieler vergessen ihnen Profi was sie sind. Ich lese nicht sehr viele Zeitungen, aber ich habe gehört viele Situationen. Erstens: wir haben nicht offensiv gespielt. Es gibt keine deutsche Mannschaft.', '0331-02-15 00:00:00', '2020-10-10 00:00:00', 37857, 10, 42, 1, '2015-06-19 22:46:37', NULL, 'Programmierer', 3, 'Pernik', 0, 0),
(914958006, 'Es gibt im Moment in diese Mannschaft, oh, einige Spieler vergessen ihnen Profi was sie sind. Ich lese nicht sehr viele Zeitungen, aber ich habe gehört viele Situationen. Erstens: wir haben nicht offensiv gespielt. Es gibt keine deutsche Mannschaft.', '0575-10-20 00:00:00', '2016-04-20 00:00:00', 71485, 2, 4, 1, '2015-06-19 22:46:37', NULL, 'Putze', 2, 'Baywood Park', 2, 0),
(1010264453, 'Es gibt im Moment in diese Mannschaft, oh, einige Spieler vergessen ihnen Profi was sie sind. Ich lese nicht sehr viele Zeitungen, aber ich habe gehört viele Situationen. Erstens: wir haben nicht offensiv gespielt. Es gibt keine deutsche Mannschaft.', '0818-01-02 00:00:00', '2019-08-12 00:00:00', 53776, 4, 24, 1, '2015-06-19 22:46:37', NULL, 'Programmierer', 3, 'Solana Beach', 0, 0),
(1070947719, 'Es gibt im Moment in diese Mannschaft, oh, einige Spieler vergessen ihnen Profi was sie sind. Ich lese nicht sehr viele Zeitungen, aber ich habe gehört viele Situationen. Erstens: wir haben nicht offensiv gespielt. Es gibt keine deutsche Mannschaft.', '1868-10-18 00:00:00', '2016-03-23 00:00:00', 88864, 5, 11, 1, '2015-06-19 22:46:37', NULL, 'Stripper', 1, 'Minneapolis', 2, 1),
(1091840228, 'Es gibt im Moment in diese Mannschaft, oh, einige Spieler vergessen ihnen Profi was sie sind. Ich lese nicht sehr viele Zeitungen, aber ich habe gehört viele Situationen. Erstens: wir haben nicht offensiv gespielt. Es gibt keine deutsche Mannschaft.', '0636-07-10 00:00:00', '2016-08-28 00:00:00', 63839, 3, 33, 0, '2015-06-19 22:46:37', NULL, 'Programmierer', 0, 'Huntingdon', 0, 1),
(1202482394, 'Es gibt im Moment in diese Mannschaft, oh, einige Spieler vergessen ihnen Profi was sie sind. Ich lese nicht sehr viele Zeitungen, aber ich habe gehört viele Situationen. Erstens: wir haben nicht offensiv gespielt. Es gibt keine deutsche Mannschaft.', '1887-08-11 00:00:00', '2017-02-22 00:00:00', 45403, 6, 28, 1, '2015-06-19 22:46:37', NULL, 'Stripper', 0, 'Bracknell', 3, 0),
(1236761790, 'Es gibt im Moment in diese Mannschaft, oh, einige Spieler vergessen ihnen Profi was sie sind. Ich lese nicht sehr viele Zeitungen, aber ich habe gehört viele Situationen. Erstens: wir haben nicht offensiv gespielt. Es gibt keine deutsche Mannschaft.', '1351-09-04 00:00:00', '2017-11-02 00:00:00', 76047, 4, 24, 0, '2015-06-19 22:46:37', NULL, 'Stripper', 3, 'Dartford', 1, 0),
(1241471704, 'Es gibt im Moment in diese Mannschaft, oh, einige Spieler vergessen ihnen Profi was sie sind. Ich lese nicht sehr viele Zeitungen, aber ich habe gehört viele Situationen. Erstens: wir haben nicht offensiv gespielt. Es gibt keine deutsche Mannschaft.', '1885-01-06 00:00:00', '2016-01-26 00:00:00', 65374, 1, 1, 0, '2015-06-19 22:46:37', NULL, 'Stripper', 1, 'Brighouse', 0, 0),
(1255818572, 'Es gibt im Moment in diese Mannschaft, oh, einige Spieler vergessen ihnen Profi was sie sind. Ich lese nicht sehr viele Zeitungen, aber ich habe gehört viele Situationen. Erstens: wir haben nicht offensiv gespielt. Es gibt keine deutsche Mannschaft.', '1924-06-28 00:00:00', '2017-01-28 00:00:00', 49454, 7, 2, 1, '2015-06-19 22:46:37', NULL, 'Programmierer', 0, 'Livingstone', 3, 1),
(1262891907, 'Es gibt im Moment in diese Mannschaft, oh, einige Spieler vergessen ihnen Profi was sie sind. Ich lese nicht sehr viele Zeitungen, aber ich habe gehört viele Situationen. Erstens: wir haben nicht offensiv gespielt. Es gibt keine deutsche Mannschaft.', '1276-04-18 00:00:00', '2019-09-24 00:00:00', 71406, 3, 9, 1, '2015-06-19 22:46:37', NULL, 'Putze', 1, 'Arismendi', 2, 0),
(1282353348, 'Es gibt im Moment in diese Mannschaft, oh, einige Spieler vergessen ihnen Profi was sie sind. Ich lese nicht sehr viele Zeitungen, aber ich habe gehört viele Situationen. Erstens: wir haben nicht offensiv gespielt. Es gibt keine deutsche Mannschaft.', '1118-09-23 00:00:00', '2020-06-07 00:00:00', 56168, 6, 31, 1, '2015-06-19 22:46:37', NULL, 'Elektoniker', 2, 'Paris', 0, 0),
(1418603940, 'Es gibt im Moment in diese Mannschaft, oh, einige Spieler vergessen ihnen Profi was sie sind. Ich lese nicht sehr viele Zeitungen, aber ich habe gehört viele Situationen. Erstens: wir haben nicht offensiv gespielt. Es gibt keine deutsche Mannschaft.', '0342-02-28 00:00:00', '2019-05-01 00:00:00', 1788, 6, 17, 1, '2015-06-19 22:46:37', NULL, 'Frontend-Entwickler', 3, 'Kabul', 5, 0),
(1456422623, 'Es gibt im Moment in diese Mannschaft, oh, einige Spieler vergessen ihnen Profi was sie sind. Ich lese nicht sehr viele Zeitungen, aber ich habe gehört viele Situationen. Erstens: wir haben nicht offensiv gespielt. Es gibt keine deutsche Mannschaft.', '1504-07-19 00:00:00', '2019-01-28 00:00:00', 68437, 9, 22, 1, '2015-06-19 22:46:37', NULL, 'Putze', 1, 'Independence', 3, 1),
(1518804860, 'Es gibt im Moment in diese Mannschaft, oh, einige Spieler vergessen ihnen Profi was sie sind. Ich lese nicht sehr viele Zeitungen, aber ich habe gehört viele Situationen. Erstens: wir haben nicht offensiv gespielt. Es gibt keine deutsche Mannschaft.', '1213-04-15 00:00:00', '2017-08-08 00:00:00', 12794, 8, 15, 0, '2015-06-19 22:46:37', NULL, 'Stripper', 1, 'Peterhead', 5, 1),
(1691755088, 'Es gibt im Moment in diese Mannschaft, oh, einige Spieler vergessen ihnen Profi was sie sind. Ich lese nicht sehr viele Zeitungen, aber ich habe gehört viele Situationen. Erstens: wir haben nicht offensiv gespielt. Es gibt keine deutsche Mannschaft.', '0918-03-14 00:00:00', '2020-09-20 00:00:00', 10296, 5, 24, 0, '2015-06-19 22:46:37', NULL, 'Putze', 0, 'Raleigh', 6, 1),
(1805150927, 'Es gibt im Moment in diese Mannschaft, oh, einige Spieler vergessen ihnen Profi was sie sind. Ich lese nicht sehr viele Zeitungen, aber ich habe gehört viele Situationen. Erstens: wir haben nicht offensiv gespielt. Es gibt keine deutsche Mannschaft.', '0882-01-30 00:00:00', '2016-05-02 00:00:00', 25966, 8, 3, 1, '2015-06-19 22:46:37', NULL, 'Programmierer', 2, 'Paso Robles', 2, 0),
(1835758557, 'Es gibt im Moment in diese Mannschaft, oh, einige Spieler vergessen ihnen Profi was sie sind. Ich lese nicht sehr viele Zeitungen, aber ich habe gehört viele Situationen. Erstens: wir haben nicht offensiv gespielt. Es gibt keine deutsche Mannschaft.', '0537-12-30 00:00:00', '2020-09-25 00:00:00', 28720, 5, 42, 1, '2015-06-19 22:46:37', NULL, 'Elektoniker', 0, 'Atlanta', 4, 1),
(1906665686, 'Es gibt im Moment in diese Mannschaft, oh, einige Spieler vergessen ihnen Profi was sie sind. Ich lese nicht sehr viele Zeitungen, aber ich habe gehört viele Situationen. Erstens: wir haben nicht offensiv gespielt. Es gibt keine deutsche Mannschaft.', '1123-02-26 00:00:00', '2016-05-20 00:00:00', 95870, 6, 31, 1, '2015-06-19 22:46:37', NULL, 'Stripper', 1, 'Maracaibo', 2, 1),
(2012548859, 'Es gibt im Moment in diese Mannschaft, oh, einige Spieler vergessen ihnen Profi was sie sind. Ich lese nicht sehr viele Zeitungen, aber ich habe gehört viele Situationen. Erstens: wir haben nicht offensiv gespielt. Es gibt keine deutsche Mannschaft.', '0460-02-12 00:00:00', '2018-07-21 00:00:00', 97231, 7, 22, 0, '2015-06-19 22:46:37', NULL, 'Programmierer', 3, 'Hereford', 6, 0),
(2013673778, 'Es gibt im Moment in diese Mannschaft, oh, einige Spieler vergessen ihnen Profi was sie sind. Ich lese nicht sehr viele Zeitungen, aber ich habe gehört viele Situationen. Erstens: wir haben nicht offensiv gespielt. Es gibt keine deutsche Mannschaft.', '0647-01-21 00:00:00', '2018-09-27 00:00:00', 75050, 8, 13, 0, '2015-06-19 22:46:37', NULL, 'Stripper', 3, 'Spa', 5, 1),
(2014991364, 'Es gibt im Moment in diese Mannschaft, oh, einige Spieler vergessen ihnen Profi was sie sind. Ich lese nicht sehr viele Zeitungen, aber ich habe gehört viele Situationen. Erstens: wir haben nicht offensiv gespielt. Es gibt keine deutsche Mannschaft.', '1841-06-07 00:00:00', '2017-08-01 00:00:00', 80073, 9, 12, 0, '2015-06-19 22:46:37', NULL, 'Frontend-Entwickler', 2, 'Aptos', 6, 1),
(2040621229, 'Es gibt im Moment in diese Mannschaft, oh, einige Spieler vergessen ihnen Profi was sie sind. Ich lese nicht sehr viele Zeitungen, aber ich habe gehört viele Situationen. Erstens: wir haben nicht offensiv gespielt. Es gibt keine deutsche Mannschaft.', '0557-03-27 00:00:00', '2020-10-07 00:00:00', 74446, 3, 3, 0, '2015-06-19 22:46:37', NULL, 'Frontend-Entwickler', 2, 'Londonderry', 2, 0),
(2048420918, 'Es gibt im Moment in diese Mannschaft, oh, einige Spieler vergessen ihnen Profi was sie sind. Ich lese nicht sehr viele Zeitungen, aber ich habe gehört viele Situationen. Erstens: wir haben nicht offensiv gespielt. Es gibt keine deutsche Mannschaft.', '0439-08-22 00:00:00', '2019-05-04 00:00:00', 85490, 0, 12, 0, '2015-06-19 22:46:37', NULL, 'Putze', 1, 'Fort Worth', 0, 0),
(2068920109, 'Es gibt im Moment in diese Mannschaft, oh, einige Spieler vergessen ihnen Profi was sie sind. Ich lese nicht sehr viele Zeitungen, aber ich habe gehört viele Situationen. Erstens: wir haben nicht offensiv gespielt. Es gibt keine deutsche Mannschaft.', '0497-12-02 00:00:00', '2018-06-23 00:00:00', 68716, 8, 23, 0, '2015-06-19 22:46:37', NULL, 'Elektoniker', 1, 'Bobigny', 3, 1),
(2069133971, 'Es gibt im Moment in diese Mannschaft, oh, einige Spieler vergessen ihnen Profi was sie sind. Ich lese nicht sehr viele Zeitungen, aber ich habe gehört viele Situationen. Erstens: wir haben nicht offensiv gespielt. Es gibt keine deutsche Mannschaft.', '0827-02-19 00:00:00', '2020-01-03 00:00:00', 33392, 3, 12, 0, '2015-06-19 22:46:37', NULL, 'Programmierer', 1, 'Pasadena', 3, 1),
(2086954747, 'Es gibt im Moment in diese Mannschaft, oh, einige Spieler vergessen ihnen Profi was sie sind. Ich lese nicht sehr viele Zeitungen, aber ich habe gehört viele Situationen. Erstens: wir haben nicht offensiv gespielt. Es gibt keine deutsche Mannschaft.', '1357-01-18 00:00:00', '2018-08-11 00:00:00', 72921, 4, 36, 0, '2015-06-19 22:46:37', NULL, 'Programmierer', 2, 'Limekiln SP', 2, 1);


--
-- Daten für Tabelle `file`
--

INSERT INTO `file` (`id`, `path`, `extension`, `size`, `title`, `user_id`) VALUES
(12278441, 'test', 'pdf', 6653, 'Pqqspdgd Vq', NULL),
(63601520, 'test', 'png', 5786, 'Kcq Fuom', NULL),
(73944400, 'test', 'png', 22989, 'Ondgp Pngv', NULL),
(105407255, 'test', 'png', 24482, 'Abgkx Uusxaja', NULL),
(147792924, 'test', 'pdf', 5875, 'Ed Bvxj', NULL),
(180290192, 'test', 'png', 20424, 'Iultn Fellvsr', NULL),
(180444802, 'test', 'jpg', 11176, 'Bzluzs Eixdy', NULL),
(212422845, 'test', 'pdf', 5945, 'Qsoouo Kbawjhozz', NULL),
(262305092, 'test', 'pdf', 22975, 'Wsgnn Pfdaih', NULL),
(268305429, 'test', 'jpg', 19331, 'Zzwujm Mafcf', NULL),
(293363797, 'test', 'pdf', 20660, 'Ymrzcjho Gsxga', NULL),
(392249235, 'test', 'png', 8100, 'Xbav Jduz', NULL),
(481053718, 'test', 'png', 16528, 'Xf Bwdw', NULL),
(484008082, 'test', 'pdf', 13222, 'Efzfeqvm Efk', NULL),
(554502732, 'test', 'png', 10846, 'Cyx Fk', NULL),
(622071470, 'test', 'png', 11374, 'Jvxkwm Logljh', NULL),
(646397041, 'test', 'png', 23507, 'Ekqmdeu Uslzqx', NULL),
(680670821, 'test', 'pdf', 9657, 'Tcjli Czpetyg', NULL),
(781606391, 'test', 'pdf', 4275, 'Kwadwpa Gmpgdzreg', NULL),
(815738461, 'test', 'pdf', 13049, 'Evmx Hmj', NULL),
(827358424, 'test', 'pdf', 20891, 'Bkw Bo', NULL),
(840186873, 'test', 'png', 9341, 'Ofsgq Bnalwsr', NULL),
(872307178, 'test', 'jpg', 9109, 'Hch Vssafne', NULL),
(884625894, 'test', 'pdf', 8487, 'Wct Mlevvt', NULL),
(917513077, 'test', 'pdf', 21659, 'Oaqsn Pkl', NULL),
(967849344, 'test', 'jpg', 12490, 'Aybns Oct', NULL),
(1006851988, 'test', 'png', 11900, 'Gtoumaw Bsizm', NULL),
(1020749223, 'test', 'pdf', 3934, 'Mltwdauz Juplwrw', NULL),
(1093891007, 'test', 'png', 4797, 'Yx Bhju', NULL),
(1109464520, 'test', 'pdf', 16629, 'Gvyyod Vipvkc', NULL),
(1139619204, 'test', 'pdf', 3883, 'Clnke Hjg', NULL),
(1177304290, 'test', 'png', 15402, 'Suwtpasb Togug', NULL),
(1199323481, 'test', 'png', 22146, 'Rntsvucx Ftilyoz', NULL),
(1217279874, 'test', 'png', 14849, 'Qmwqn Sfdxobnd', NULL),
(1219429824, 'test', 'jpg', 17870, 'Pwhgjckj Xsknc', NULL),
(1267473296, 'test', 'pdf', 24863, 'Cjycru Lhact', NULL),
(1286488124, 'test', 'pdf', 11752, 'Tuivzvp Pnispt', NULL),
(1317366562, 'test', 'png', 5125, 'Zjshb Gn', NULL),
(1396661314, 'test', 'jpg', 9232, 'Idcuwm Lou', NULL),
(1684564663, 'test', 'jpg', 7885, 'Knrlni Gqmft', NULL),
(1687094306, 'test', 'pdf', 13247, 'Tdjgzx Xerhxi', NULL),
(1773818670, 'test', 'jpg', 10069, 'Ddkuvkhm Jw', NULL),
(1819694511, 'test', 'pdf', 12883, 'Tl Co', NULL),
(1913018640, 'test', 'pdf', 1054, 'Oyfjao Lcaagrbtg', NULL),
(1948452189, 'test', 'pdf', 3746, 'Kshfh Qjb', NULL),
(1974758251, 'test', 'pdf', 8699, 'Wrwmpeu Esgifsq', NULL),
(2010197172, 'test', 'pdf', 2791, 'Mrmeieds Zrdhdd', NULL),
(2077588739, 'test', 'pdf', 24334, 'Wv Qtgqyuafx', NULL),
(2090752133, 'test', 'pdf', 4726, 'Hobiu Wqpzwgyd', NULL),
(2137942080, 'test', 'jpg', 16366, 'Pe Trm', NULL);


--
-- Daten für Tabelle `user`
--

INSERT INTO `user` (`id`, `firstName`, `lastName`, `auth_key`, `password_hash`, `password_reset_token`, `email`, `status`, `is_recruiter`, `company_id`, `created_at`, `updated_at`, `birthday`, `position`, `username`, `fullName`, `picture_id`, `visibility`) VALUES
(3030236, 'Young', 'Lofwall', '6g0Zcc', '$2y$13$Nhff0YB4ZLhxGOQaoDZ2cesFfHWNF7gjLxm5vkWucJaKsIEKuwOXm', 'SjfezmQm0liTMdfRUwylWuWfiwq2Pf7wxfkgMXggcicWc7cnshgmlRLmWP9egkijdPaYXzjuy9erw8dY3RzLqRjWeix0MWwnlUOoPh0L4VnOqf5ju5enga86kVUjtzZrV9lvMQWMjVLq4P7UrrwzP0fy9zdf56jfcmTVz8aSiPikdaaNhSMdvd5QUramxPTd362MzRj6RcKbWXngzprqiXbfZhtT8a9sMZ7xYe', 'yeg@xgefz.com', 10, 0, 20, 2094028154, 1346070127, '2009-02-28', 'Marketing', 'Moodispaugh', 'Alejandra Hannaman', 1020749223, 1),
(11154614, 'Shavon', 'Macurdy', 'bjZxm9aeXgU8dS1', 'ehzsykgf5hsbfMdggU7QfeYMK08a17vgX5c37sLhclrdkN2XPQZ0pKNdYPaYbg1jw5WKkbumegNcnkPYlqd5ZdNcn5MZkUjNVbqhOoLK2vmSYaMV91P7xpO9eMOfPQ8cMO1dN5hkTzLd9WOkNPwhsX8eTv8YX2RaKhZKbilgXh', 'wh61vM689mxek8QWOdgx6Tbbj221b8WQu1aZcdhmedN7WSgP8hjzgx0pnhk3dSeVm36ckKmj31geV2bKQRn1kagOfchLj9KY6hL', 'wsc@nadnvpe.com', 10, 1, 7, 1416176018, 2025485897, '1992-09-02', 'Logistics', 'Corsey', 'Winford Lanze', 1020749223, 0),
(54137051, 'Dortha', 'Schoolcraft', 'uQ6NRLYaMhNpw6ydPe4iZi5Tc', 'KtaXQ4N6wvSVhbLo046LvcVKnQbULk5uWPW', 'OrgpdZQzLbgzq8qUVdg3PQyymqgrj7OsezyRhqWoNbcb1Qpnvfj7nuawxVdsejeRtKhoyKbWgLa8ShVvxYYcSXS40QOSvc8Lb2cx5KvqwUYTLkij10bNPrgULXWavoU', 'jzlr@epp.com', 10, 0, 50, 1837465419, 607594093, '1975-09-02', 'Executive', 'Mcesnaney', 'Andreas Coolbrith', 1020749223, 1),
(56888483, 'Chaya', 'Francisque', '2', 'kr1xUyr6S2iqbckoVSKixwONga2cMwRuYigZ9YcUbPN0Naj5g2j26vUopSOtxthaepXXYXKOcjRqQ', '1yOh8scwfW1wwYYcPXe8h2ukLr8Qiuar6n2aWhVO05SK9jdSOTbmSMT94adeWr8T56qhpQihivbZ59QimTmiKOYg1o4ftiUyL39Ncd35ggy371QTkLowSZqmibss', 'ucdcubv@ehwsv.com', 10, 1, 34, 30, 2098290443, '2019-01-20', 'Customer Support', 'Canak', 'Vinnie Monfore', 1020749223, 1),
(141704624, 'Marx', 'Byther', 'zQdeni', '8Tdbta', 'khRmvPuvVtaVXvgbbggV3ae7oPaRPncS7nPcOU4vf0iTXsbTSXig2crz5dinXYUsgj0685Qax2YhxeecsW0h8XPhTsdcgoKinX9hub9zsQiWkOheNbr0tYmjW2KigfxW4oUbs', 'gmez@ygvdjadq.com', 10, 1, 41, 2068841832, 1544836647, '1982-11-29', 'Manufacturing', 'Akhand', 'Merlene Meggett', 1020749223, 1),
(202263084, 'Miki', 'Noordam', 'yaW9LUVmz34rkQN1ZNzZXoiV', 'y0iNTccMfsecfzP8V7xVrOf3ePd7eXKai59fxkg59d5g6U7M7c7LdQ5Mc', 'WXV1NsNRbg7mo0N613p6W06i8Xs7dS1feNjdisMVmj594V8qaeO0QqcOnbiQp2gfOetzk15gPvnra3qMv6rxbPgnql1bSjzOVh3f0Uikhfy', 'atdcl@ajf.com', 10, 0, 31, 1506432347, 883299198, '1980-12-06', 'Consulting', 'Dejagesr', 'Macie Cauchon', 1020749223, 0),
(204090647, 'Cherilyn', 'Gaspari', '2nM', '$2y$13$OkM5K4b304KrrGLF2cK05exy9UkN9GtGLVsqEZt7gTze0EYfEvh.6', 'csmrTSeSTUTUi9uYt9hxYbea3ZXbNZXKRwlkPnefg5z0KXMdyl4fdPc47bcSUWhSqLauXTXa3KxKQOjfS5aOdR5S3lgLitkVijvQdeyigr9usOglLdR7eWdhRY0dxYz99NVuXamMPXq1', 'foo@foo.com', 10, 1, 3, 2073114766, 2110339827, '1998-12-14', 'Legal', 'Dorcent', 'Malisa Incarnato', 1020749223, 0),
(228943966, 'Kum', 'Kolstad', 'VzPWhKpeob6weMTvTTn', 'ayddbyw7V0N7jrZvhxTtz0mcS6q24hiSmrcwtgabYZWjs8zbV5N4PhWUYwgaKd87SY58tefnOiee1ePc3NLmNZWX55iiSnPj3ligPMndYm', 'uRTeNdaSlceYZZcPy7hcSqyfcKmubTOcPdhOb62yss441ySc7axbZ0f8T0jYdPfUlRy4dmdSphty2eNiir5jOlXLsfhw9fXgvrW5pyQfNdUTcczsfUnZlrNKwMK98QuiagwSbr93Kbtaoa4nW04N8UTbSXYk4KfMoc7bvrmzbfavYpX9gbw6pK9QuzPcMmqfbgKLRoL4l7wN7dKZOx4PYrewQUdq4iLuLgdm1ZTRizXog', 'hqdeez@pdbnsjvh.com', 10, 0, 49, 2031313481, 1048072557, '1963-06-02', 'Operations', 'Maddoy', 'Annabelle Hagins', 1020749223, 0),
(292949400, 'Stephanie', 'Fishel', '1odS6bkezThg9RynnNhbTRefOaW', 'mR3jicgujyiejiSiWlzdb6YQw7Mv1cTytuiWezX24f16r5WbVRZso3r7gUtc9qm9KY7fKeqYS7RhrU9dido1e5UgYpfQeSkstTxa1fqycXdywpZbVNnzQ8u4cjk0TyrdTdg8dlbf', 'b5hWUqLw4XbTL436Z7Pmf8r3zhRg7jf3LjSTh0hhVoetRYWScWbq56VisWyqL3RXc3XQymNig9TkVk39VjndYaV1tzSpP67jfSK4iji5j6Y09vY1vh8L04ktvb8Tf3jNWzWjdUVZV2p', 'zr@mmh.com', 10, 0, 12, 985144267, 359335344, '1966-06-03', 'Logistics', 'Conoly', 'Thresa Canak', 1020749223, 2),
(297149516, 'Leana', 'Cirioni', 'e', 'kbg5ZUUziit9n4op8Xq0VZ9i4kNVgX1ci3rwatczyYVa2h7TrZhQs8N8Loc15veeUUOu4jdydc1sc6prvtueoa22sbaLh', 'rbrzLhnmjnvYd4Xj3adggzeiLoYyigLnshnRvQagfp5usxscS2gMKYee1na6aaXo33novVm5Qhexa4NXNeXbqPsbj4YRwhbK81eNL5nYRkySd2j2hkug4wsiZvqnqZKoshOgdiLW7swgs7ytbVVS5npWwcmfdjlb6hZsjnQedz7sMauiNsxmQk9tLQ2he7wWiT4qgxod', 'brhlnk@clea.com', 10, 0, 41, 57564378, 1613323575, '1975-11-29', 'Sales', 'Shealey', 'Ossie Leyh', 1020749223, 0),
(307322685, 'Kendra', 'Hanagami', 'cyLfba9OceOpaTUeSWOb55XV', 'hWLcx5', 'cbQcvkpjKtnbelVMya8MNfLu5iNogegsd3Wn3Zgg77Rp562xmcKSkgZR3gQkZzi10mygUzj67K', 'frfjeg@zjjxr.com', 10, 0, 41, 1852841480, 89335210, '1981-05-02', 'Executive', 'Behanan', 'Tania Saum', 1020749223, 1),
(335089727, 'Burton', 'Kyseth', '9f75WcoVMcZjK', 'MX5Y930Oy89RgWUrPvbd1dLMM1a33Sbjvs9baUbm5QYSUvLKtajh6W5bQ2ncacOqy6RMyiX6xeQklZfiLaOtyXlucleppofSbNvX0neWQZfgeaYa0bMR3r0Ujhchkhm7m5WSuTiZpd21K2N8aRbTofzaNi0VSu1anLMimvhYXqfbj0c7c1giczskdYgyihbPXydVPRYXOe8f6Q7bh5PoeYbx8XLTcxZgX2kfaSuRdbrug5f7tR2ckUgqqfj3', 'bj4eiYZPzm9NZbXea7Wgdyadbqo3KsLejfYe1bveL1cezZw4WefnzqRNo8', 'jzhupyg@bgmd.com', 10, 1, 24, 3, 1339180127, '2017-12-12', 'Manufacturing', 'Krawczyk', 'Carmella Ganz', 1020749223, 0),
(344200528, 'Junita', 'Chomicki', 'fhlYPi9YqMe', '7uhrUuZetzwegUbqMUc1Voybu8v583js7cb1ggeU5jadh4orxjgiKX9pUg9zu2lx82KTdWNrSpzZlKuhQufceTLkiOvXZo7ZSfrS4lu3keTdQQuOWYlpyT8a9pokndtt8MRwV7qRy1n25dRdX7v9KYegVaMaekmdcO0TsN4d6MxgQ0lMT5mgNlKq2g4KvaLxs0Zlfa0n4YMwtn18Vh8Mfbdfhsfi', 'Y5Ve9cRnzbPh1agrmXTc0sYS4tWfRiaaOhjvmLTZgRbVaOkuzOdgbddf7', 'qicemjobh@thhlzfr.com', 10, 0, 31, 195377272, 136130113, '1995-05-02', 'Marketing', 'Neither', 'Tia Studstill', 1020749223, 2),
(366574783, 'Coleman', 'Luzi', 'Sndzvii51hhlcgchuxm', 'XY1MLxMYacXyrav8P5d3sf3QVtd2NsOVfTcNpp1inrw1pPWfrYVege8Lsfq6MKdSgX7pXLMUyi8YeSZdQKsidTjQiV0PZVonVVZi5YiKcoRaugOy5xKdu8oQqSYR3MnOLiYeKQkefmNZa4Ss7c0b75smeevcUXWkRecqXpaPy5z9', 'fifcbfMbNfPK1mjSYhdqbSsdZXPbXcs56MaXjexZ8', 'wbxqomtpc@lrbbt.com', 10, 1, 9, 801246211, 916466908, '1952-12-10', 'Finance', 'Wiedeman', 'Edwina Doster', 1020749223, 1),
(412882656, 'Anjanette', 'Such', 'R', 'b69ZegY6TOmQjd7k21hPf61rfyLPi5mnUqXqejmoVgnqY2tgX2jPcnOfah3NVT1rZa3drfdld28bfjVXP4L9YQ57c58MVjUTOt02z09QXfdaXPbjOY7zfZ4LdZVVwcYfjkrxgjhLzaWmovReUMe7fiSg', 'yloyj2nqjLRkZQcytbK7moQTXUXesijSh0g0rTUMcaiQPlahg7Sxjb4pikU0NdnfaamdaXc3Sde7zgZNvU4YNdWkaQ4ckejZzh2ewf8O0SfOiQona6dgLQnRdNTSbTU1KzLK9fkcdwnkU8o7dd1S1yKXa9MLU5TO2MZeWYafVbhc1Wtceh4x5eNbuuNR2M85qe4t0U5KtTfhj', 'lpm@xhwyckd.com', 10, 0, 47, 100686009, 1141130415, '1993-12-23', 'Marketing', 'Vitiello', 'Merlene Meggett', 1020749223, 1),
(415696292, 'Scarlet', 'Lavelli', '41br1d6Thefisel', 'eUXho6pVu2zKofQdvhcUjlhsSVnTjVQWvu6hjh9RdyiWwsRquyeW5lUd42dS2OWZihehmwcdfe0deMhm59RkNf4OOr2crevShdpRf3Whi09k5pbhir8QPfgLhjv', 'ukjYjVcb64h7dgTbz8846dXUQjsRTK61915aahmgfOVTRozqPmLZrKWzbu5e8gfieS8bxetMhubVh6iO3ePZKS1plZeji2VLyjjhvhLkecNLqgqSobQzdgoKnTXy4Kv13yPRseUhSvRddOjL3Nan7e3iY1cwKbmbhfeTTR61prcqffhVrhN3lTOi1lcvXeRdnkYhijhSa86b4m74jc5NXUQVyqnxRPSd5v6QU17cU1ilPubMayXi1NZS', 'wjhtncyy@uhpdftoh.com', 10, 1, 8, 805919566, 1613828711, '1986-03-21', 'Manufacturing', 'Mcleskey', 'Drucilla Leanza', 1020749223, 1),
(436076592, 'Margit', 'Bedolla', 'v0i', 'az6Ujo6NQomyi6ygRhZNsgqu7cdv3N5uYnki2iRdco8d1Z20MLdjVochgXMjpsiWhZshdj4XadOgaYfftr9UdkYMVbZ7lh7KseWndYZYyTjh8dPN8xfyLsUd5laXmjz6k', 'fxkvcTSxeWxeccz5iLNL2xv1TgjNe6iolq8gOTfL1tLndW9f3c1jv2R8WWjtNfq7XZc7U55tXibWs5WgnobZnPVNgY7Sh6fveYQkMP3cXoKvNgcs0VUdboWuhUO2', 'espvw@ryqqcl.com', 10, 1, 47, 2072261518, 377316604, '1979-07-15', 'Information Technologies', 'Meeds', 'Trudie Muschett', 1020749223, 1),
(459895567, 'Kurtis', 'Bedolla', 'Wisg1MvxSlfRoKia', '695Z35qtbf7ZxbfqefV4LPizaP1XY8mlz1VoWdUTa7h5M8ey7VWjdrtzKrWfVogMpzejOdSfXceUZoLZasof7gP9dSM5xR15vRhWYSWZz9uSKsK9ZrpccPR1bg0mgS8y1h8RLLKZOTozdrmVUKficY9fbUidf609recx4hWzS9RTq6itbzhfvgtnhin8bchadNhROxh8XcdXXpTVqbTcNyh7doeeVtgbye4d187S5M1Nh1blgNxVvrQg7vpdu', 'Kcioap7kOdwjSVR43SvSheauYMyUNncORj7fq8yNVYceP62PVQVlbcKP55LUSPkjQOdijXchdtYZmcLjmgYKX1MUracYSZeZfaeMNY8iw03UtVdUKkkqRxeo2dYZ1edwLTWbsdfdgpSsb2XLKV0kkPVXyQ5Wv0eQmPcaMXe1Xd2ch6ardO16vX73TacjMd4WhTScc9M8kwaYTqptnoyjaLiXueee3OelbP59af8nemos2067M', 'qfqi@txvsc.com', 10, 1, 39, 1165910274, 497093679, '1955-09-06', 'Accounting', 'Guilstorf', 'Carmella Briles', 1687094306, 0),
(469382991, 'Jarrett', 'Germer', 'Uwe33is4UbLveQgyTRR', 'guPsL3zgRT12RqXbbZ97n1od5iLain3itYdgkt92ibYPbZ5pgik1fsRLlfTvXRdrX9bVMPcyhKZUZXtlLzX7webkyjndclatShfj3fwTdokc8coQU5V', 'R0272u9yV99vnqZtPUcedUjrMKbhgTuuLSbfgdoMUcQfib0zpmbTvT82aPVazekSaLdKLjp2VfOUa5vi6o3vYjUtg1P31UKR77d70ppwgv4RfP', 'titpabj@wvhqeyxg.com', 10, 1, 42, 112793122, 664368848, '1968-12-30', 'Information Technologies', 'Artez', 'Trudi Gravit', 1020749223, 0),
(489247065, 'Princess', 'Pettibone', 'UL8hz6PPxnbkTghL09cgMzh', '6gP9bSyhfhdQ1vPLipsLub0n0djkw', 'cQdZ52L1QaRKailKNYsPjpXOdRaTve4TxhodViYUyUwdcp5hfWKVi34igcyh1fio5hjgvVMbWdnqPwdvamdfs7l9m1MbdOsNQUYR7S6PwfLOWh8mQgb5cb6OTwsdgzzLv6o56nsaQgorQYbvYNtOU5PmfpYhtd', 'mxjnrjwaj@zampp.com', 10, 0, 6, 40, 1342982185, '1991-03-26', 'Research and Development', 'Esterling', 'Nikole Ballesterou', 1020749223, 0),
(505888886, 'Elroy', 'Landenberger', 'a', 'fjViTufjtbrqmcY8gxOjKjerZ5ngjaRV8y6x2f9ehdyYKPa5jho2jNX825XZgX7bmdM3qwRjSWvb3M6ngoeed8zlled9d9Wdf7gfd7XjwY5qO5k22X2ng8yZdNUjScOgi6aghmdcUhfRVjbnxaygbjk5c7Xy5ye1RR6XWlZqgfcS15biWd', 'jf2czqbc9NcLdad7OonmLZxd72iSZe1W8cb1Ntfmf7uxPjcOnfjeKbredxO67PkhUcZ9ai7ZOql9XaQpxm99hjhaqeUrfazmfPWTR1Xsgw9qqNRduSRghPc4RwPO5deMyyKhayei5LR3idT70NryVR6imfP1SV', 'vlrmyabc@shfpa.com', 10, 0, 4, 1967545360, 671164983, '1970-03-09', 'Sales', 'Bloes', 'Tomika Blanquart', 1020749223, 1),
(513545843, 'Columbus', 'Vogus', 'QsPdgdvyQrz7mb47qQZSOouOkR7', 'jhOzZ0K2rYPahKXcQfYuOMb3oKz6ggMvLTWdauzjL0PLwrWyMsciaXdSVU8Tpasbt9ogugyRfag39LW87w0Peu4r', '4fSq0yKO7bjzoiYfjaolVc262rbTgq9bLW7ipk', 'qrlnigp@qmtwkx.com', 10, 0, 2, 1354067827, 1896376530, '1990-04-04', 'Manufacturing', 'Goedens', 'Marcellus Miessler', 1020749223, 0),
(609227796, 'Hae', 'Blanquart', 'fg6Tc5bjc3OivRghyxwhKcRqSeO9d5Pb', 'oL43nYeq05hLegUuky5Sq170Kk0cjnOc7Zubf1USc2nWN1ktzURc6bbh4kZdcyLodKQcUSU6Ljxed40', 'UidVuQLdY2cMa01c6aheq1ZwiSKTcZO6gS7jNdN3Ua9dQLNjYg3mRZgKrQWwTz77TavqiRPexshQqiw92x53zK1jS3oXvRS4dLVphmcz14PhyuoOT0kfgZbNVytQi7kg1MhQ247jh0akydOTV5n9eTy5RuoPgjh5gfaTdVyb9SWho6lzWa12TeoawjTpNKle747iqXtXSTeZvjyqtZyu1kYchdcV', 'buyrugch@hlcw.com', 10, 0, 40, 1208423039, 339436557, '1966-03-06', 'Operations', 'Yopp', 'Boyce Barlak', 1020749223, 0),
(655435782, 'Barry', 'Mcenaneys', 'is8qneRhWbNj3Qw6n5Nz3jf9', 'aSZbtcbMaQ20kbWO8SWodxemPeal7mjPOnjaa1Vhexmq7eanvdbXY23VfQ1KZYRv6NUje5PRhWt3im9cNR1Ms73r9SakTrezYNXeQVeNN5O9hthOUN05OQMhpzthfSZgqKVi6f33aTc6kcffUOU2uck9Sek3r8Qv9cqhiMQUKbLxqrsZk3uKhkZ28R78YucaReu', '6ruScYjb4yMucb7zafdlhimVbWrKaKbjyXvl9icn92wYoQjgaqhj6TiSUw7MsZgU9ji3Q1p1NNjvhoQd9sZfQ8SP47vqS4uPiYPoOVw9MZU6cvjYnV3a4gsaxQr7VcZ2g3ZavTj4Mwf15h2fPfeR3q4c2f6lpPaTRuuSsm04lgjg9hnUS72pvzkRa6Oujz5jYbr3tbfvSftbhYZ81Y', 'lslgjgyrg@ttqjjulp.com', 10, 1, 2, 1352954631, 230573990, '1951-02-16', 'Legal', 'Mcgloster', 'Luigi Muschick', 1020749223, 0),
(750199228, 'Noah', 'Fishel', 'jvhcUYSVtOb', '6ZrtlqccWRXSjhY3nL0OdUkdvVhee7sabrvS3y71dYsYUWKhaebOSucZTXe9ofONQ4dSNaKWZiTjYL9hwktkT5k3ifqKt05VQaj175NLfz0blcPla6UZcyLMSKf3w21n99d3f6RdhpzodZKprjay', '7wwchNa64SUhobQp2gxuaVfQ6XPdY30kf7SRRemTQoc6rdesLoMRTQxjMiRPgiho8a', 'lritjaz@luv.com', 10, 0, 2, 33, 735725036, '2014-02-27', 'Logistics', 'Dimauro', 'Loan Cyler', 1020749223, 1),
(756288502, 'Nanette', 'Mohorovich', 'Sd0o8rt1icfhUl0cbbf7j', '$2y$13$Nhff0YB4ZLhxGOQaoDZ2cesFfHWNF7gjLxm5vkWucJaKsIEKuwOXm', 'WszgTkYNipYm7PQgyN8l7u9c1pSwXLSPYr1sVvof5zhYxeZiprwgTMignhYv2kPgU13jjTQhcUgp3aY0MqRprNfst8jp0xOS1azcPr0XcULbwg0qUTjQN5995eQeLSaxcgQZSZx1jUVpb5mabZj1k51wZhlPtwsZsKtYdNqbk4RreUUeq1e8l47Qr', 'bafhb@ejlzz.com', 10, 1, 26, 151994229, 1437891855, '1974-06-09', 'Consulting', 'Dejdager', 'Buck Bjerknes', 1020749223, 0),
(815687149, 'Ashleigh', 'Karrels', 'MQjPTgz2ZO75fMZq0gg7z6hixP8rcQy9', 'Pb0kPhvOPdj6ZfkWx4XiueYf5fijSePKhX3hxaXXUoaQeW1vbVWSPafVXNSpaYUqe1ZOV3dblyotvd7ad6eZ3POgObNXfsR0R13O2RR6paNyR148knpQ29T', 'e6TXmc5W7lTdT7Watti', 'rrwzfq@mhklvgv.com', 10, 1, 21, 262484039, 2088634358, '1983-02-13', 'Marketing', 'Rodden', 'Florencia Myrck', 1020749223, 1),
(1009981199, 'Sana', 'Mcglockton', 'geghSgn5veKjer88nQ7ae2Vdn2jS7NY', '4l', '3uavgcvR9Vh7YXjhKhNuSre', 'evetzghfe@tplgiek.com', 10, 1, 21, 278793640, 2023503741, '2006-08-30', 'Information Technologies', 'Oehmig', 'Annabelle Hevey', 1020749223, 0),
(1017127222, 'Yuko', 'Kyseth', 'po8i7huY78e0f', 'gSb24yTW1d9Z1cLmQkPjLmjhLi0qdaQjaM23iRoNfmb3o8Q4h9LuU7WhaaOZ8LLc0hl1XKMT8diVOkfPfsX6aWalmPegultpaz1jnR1fPv975RO8Y596rlvayLYc7abjccO1rewi854kcXzgiQTRdOyjfPe00L7Xbu', 'a57Yabj9gVk1ja5Yrxrf3Ra28mamgW1li4YUg2j9e7oiib7NaKWsga1nXl9bn6Uf', 'itngog@njreezlz.com', 10, 1, 41, 1999270498, 1684356362, '2002-10-12', 'Marketing', 'Revilla', 'Broderick Derenzis', 1020749223, 2),
(1053062640, 'Mac', 'Kravets', 'phn', 'hRjPngyhaSOOgvOcPMvcc0TqqYzzbyaPVS9a2lnMctPOUSYehb1z3aNfZ6Tt0vg9eSzapS99heRyQTVvjh3f1uQXe2hx4yQva03gjbbMXf5SjatLlgqUXw6an', 'jPh2r79g3YLWqPKgw6LvqPtO70jeYglWeeWzQv9usvL0qn8tm85Uekbh1az31aeYfOui71abjToq9gKjsjueuj9g6oQqnXUYfbYLLffXUaMSZagPUOQKnmXnnNwawMbac2t6segyNafUsqWhQKwmMwz5TWNWTddK9lKaSn1', 'xj@tbers.com', 10, 1, 30, 1019817873, 1420983956, '1989-02-04', 'Marketing', 'Agudelo', 'Salome Ehigiator', 1020749223, 2),
(1118642024, 'Bernetta', 'Ehigiator', 'yTbSjmX8', 'QKwMl0n6T4bjn3dkjdXjh2sZkcroMWnffc5SOfWfOgrb1baSOdTXjwyubdj07fvT0wbSUgi8exQ4bVfuSKmhcOZcj08czgXuf5teVN4z7jbhUZmuyNMlydkVKgW995wTP1sQdf6uetTebOOgf59dUYeni98zoakeVbSSna', 'gnM3jb0hydaPsjXRtPyp5ua2xhdW3nTXLVmiqaozVTeoKMhR2Q1Tt0S6bMMtiNtc3VW3Wii2cYyK3g64vXgaxg9u3tkRajyQegniVfbqlyUeSTQvu0fkpOWb1QbnfiUXbigzi9epXqghcSpso7dKdz90arOi0OOpgm65SUwRpQY', 'pa@htesazb.com', 10, 1, 12, 166667244, 251529560, '1977-05-14', 'Executive', 'Durol', 'Benton Bedenfield', 1020749223, 0),
(1165830054, 'Williemae', 'Mantele', 'w', 'MwSTbgyvaUhQN65Y47ggX3fTqO9j2', 'NScc0RsjWliO4R0x53gaVhbMZ5Sa51huXO84WSuKs5nwb673SUSXuTcr56icnklz2tROi6S9kfZRZUriuyXid6e41fYb19Ozt9Qle5MNfsSecTdjnrxenw4KM5qVehLT9ozQVkgYQT6aWs80sWkUa78PfnWtgbk7pRYZgKqsk4xPdTiPcMcuqmfxt1yZ9LNLyl8KawSaSpdd0mikQ14ir0TNegZ', 'zuaf@qfhwvsgd.com', 10, 1, 2, 333658825, 163267238, '2006-06-27', 'Finance', 'Bjerknes', 'Pamelia Krasnici', 1020749223, 2),
(1349338396, 'Lashaun', 'Klitsch', 'Wyid6NTVfVejQfrR2njh', 'zR2th9nlNTfN7tgQ9blQcf2OljZzKhVcZccTUzxfg5VRQV3jKt1XqRol2XzwOZYNezTU6hgZY4gmKfY1zhRovZvUThOf2Nx9WauXYUc7L1i9aLRvhmOcLdZv9yaSQUsr', 'rqdixV0ygi2Vjb2R6rkLciov4NyXN7VK5dOyndZxk796U1XYjgdbXbxbeiUlfdpX9dhdaYOhQ5PbTzXTXprdhhuZcTheQUjfiSTxeln1wWi1oqxf2Uxfk3iRghTSi3honb3NaqM3y35ujP6T2cigjfj7V08gffaZMMShe9qZ7g1a6mbo5vyj', 'wqkrs@sbycj.com', 10, 0, 38, 472088554, 1952651643, '2001-02-13', 'Research and Development', 'Monks', 'Consuela Komula', 1020749223, 2),
(1375694815, 'Simon', 'Sirmons', 'h4Ndq00rnyTdPw8', 'cjwhnURZ38kdrawPkXSldZn8RqLUxd9q5lg0a0ZlW6ibUrna1LoPji5VS', 'PoM3XZV9aNXcZmK4aXjju4jofjKTjwPLyygb7hzdeaYeeYyplhsYZcheh80dxXiRjuo9N5LMPM7d2gWU5V5l', 'er@mnsowj.com', 10, 0, 28, 1153509932, 1552691834, '2009-05-26', 'Executive', 'Mcendaney', 'Louisa Cashin', 1020749223, 0),
(1473017840, 'Dinorah', 'Laman', '8lu12Wl9xijZWcmo1k2Q3g', 'bb37iTgXvewfNuVtRc47selPU80Paec3MtMthOK9ZgpyZVdi9bqOMXjqZbNcjq2rV0jgOcWSU7caQyUeZVwcRSe7Rh1ie4VXqnycn5zaZze7ahrN1TTQLXaea', 'cT58eXWKVUtemtvcejyqw7Qif6kOdet4y4ekqUMfNjoXLa55qLggUOiaj64bMXjfLRdRS8bgaczZdy6nPKxW1SnS4o1YTr890riR9zjmNrwQhsSrhsR1wa2Xc6ROgN4j36YZ137o7fpglz3KQKLwM7phqhRVL7j05rh79', 'ivpov@icitne.com', 10, 1, 12, 2105279100, 1321804331, '2018-09-05', 'Logistics', 'Hanagami', 'Freeda Borell', 1020749223, 1),
(1515017503, 'Elvia', 'Conoly', '6UvK9Mj6W0dlp', 'K8OSaqSNp7klVgk98Ugdiqul', '9deLlVSr0ehmxgUsxa3bY456O06ehgi01KKwbKOW1tWhW', 'brznt@svcxf.com', 10, 1, 32, 2022508751, 605846697, '1961-01-12', 'Legal', 'Ramsden', 'Spring Goedenss', 1020749223, 2),
(1579121708, 'Debora', 'Ethel', 'MzSRYOWVlrkct', 'jaTmtbvveegckb8qo14d96Rozqhn5ycWa1zKjo61uNUz2frVd33s6p5gdd7V0OOmrRfj2Tt1qn9lRg5Yougq9jgmWgNVMea7eML', 'SfxyMbuVjg68S718mYczcnsy07ol8PaeghajLaxPcZYtfTk1Oui37bbMOLccQWUUetwU0gWawUZg8cXb943uU3dXgebcM', 'jqd@nxl.com', 10, 0, 42, 1501714126, 1734486889, '2005-08-15', 'Human Resources', 'Pellom', 'Warner Feduccia', 1020749223, 2),
(1596686012, 'Pamelia', 'Ethel', 'Qyua31vyU6clLnc0L', 'ehLj24o7MjPe3qpMwqnsaf7xOb1dNvuQXz', 'ki63f1Qn1bXoZ3NrLX5RZ1uzsediXdy8kg1akKnwwctmeL4V1tWRgxiSl2aZbgkX4fUS', 'xj@asac.com', 10, 1, 12, 284319270, 569326932, '1977-04-07', 'Legal', 'Meedss', 'Gayle Bumbray', 1020749223, 0),
(1603892354, 'Warner', 'Kravets', 'h8KUq7WhzdOVcKSrQv6bTgXg3seX', 'zhyqi5ujgdvtMu', 'j7ybcYk2Y3x9kNXpQSNgx4yvymUjXuSmigMy0gdsNktnbSQkweP9uYecyXdXicnRaWggQaK5htm9szwVacwlOWShPiehrt2Zx9nMLb9ddsMV4P7zd2f84bedjk8nnsMgcpiPjK8', 'meolsuoi@arofh.com', 10, 1, 34, 70142439, 927561838, '1988-08-02', 'Facilities', 'Sirmons', 'Hyman Dejoode', 1020749223, 2),
(1651659898, 'Lesa', 'Aquirre', 'azjVeghiib4f2YtQ54R17jc', '27ec9v0XfmqegpcV6cVLnrVU2hcc9d7cvlRtQPhnVajjcQSbaVK2tThpiYexM', 'Secm5fUKgQlULhzakP6ms1d55fv1q3a7Xza9a2cW6dn1Xu9Yi3dafju3oN9pkcZLNVMXbQ4fnq0S1unZS08MfuNbodigbUT15aV8fqXQ5zUV9k0XiTK5ie0bVy6bK6Z8vVqf8Xad3RohiPQdeei33Wil9qXoXVesmTXousOgq4bmKofd7Mc3KqwT7uyiwSqssdR', 'ghbpfxium@tawdtzz.com', 10, 1, 9, 1678770944, 2041184427, '1998-09-23', 'Legal', 'Fekete', 'Tania Bedolla', 1020749223, 1),
(1653621870, 'Melodie', 'Amous', 'dgyd7kq', '28ecNdO4aoSaqSbKtUOm7NhdliONgbaOeVzeftgWsVdzjb9084as5xXK7hm752SeUhaNedbjOUcW7TOdl6xbdedrWujSyNlLKqceYuKL5pfKMeQNf0P1QZwRddyN88TVSLwScUY9mMrUupk8gcoXZlQWaTdWbf5e1pMb4c5LgyqVMMiZNfVQZOx0nhZv1cx7h9Pfj5dbYWNit39Mb2ix', 'VXRdvRqmjwbNVhW1hOeVeaPg5fiNdMbt6f7aVaN0haRwe3MTS1gi52eOndjpkpa0baQRpQcVLfrWOp0Ms38habTSpYkZVKbb0eVmi51zVP2fNW7aqR3qov4QKSihfyV63da2dKOMNbRfY2aR0mqyp84XYine9sfemjd4Wwr95Zu', 'dkhqo@zktensq.com', 10, 1, 3, 20, 934638655, '1993-10-22', 'Human Resources', 'Lindblom', 'Selena Bald', 1020749223, 1),
(1735222286, 'Yolonda', 'Kolstad', 'PYNgvYi2vlus0hz2hV5ss', 'neaursgkbw4bYbNS0ncTMPikwVqwxjM9eKl14smMkoKVUtY7u3wmMUfcZib23qpSh9Ym8MoSMleOewTSwfVzO86X3KynckZVysaNlmcgnst1equw3TSO0hrOgTjOWQi9bgoWNUaKPtbM617fdTb', 'fdgORL8v3e6jNNK8bZWO80cgy1ar0uhbjeRdgaLhdWa6rggwP6SuRmcP3MyytcuSa1uh1XSXObkX9khaofKRPweaq96okkahez', 'gf@ktlwxhhf.com', 10, 1, 42, 2135780430, 1667174051, '2001-02-15', 'Manufacturing', 'Couey', 'Kathrine Aquirre', 1020749223, 0),
(1807488793, 'Michal', 'Isiminger', 'VyYOdVgiPvKcen6y', 'ezyyMRZ6jhogZsxga30ctPcxfgS7oumaW1RSiZmMf9ZVccpzjzwUjMMZafcfbwYgdyb8epfZf84vM2rfk33MrfZZbeTkqMde6uKsLZq3cnayf1iLoS9SgqbLNaLWSrd6YWaiKKZdjShb6WNLKyUxMiecKYXfeksmeZLfYbP5eTrrMT49ucm9im', 'M622d4zSRdhd3MPNs0o16TUcjli8PZP0t0gZRfmf4Ubyexb6hjufZZfWcrMXsba73gduzR22ZZfn5PiWhg90kjXVS8n2Y0rTxWVjWesg1NP2f3ai9YROYbQ9itRLcSOcoOK1ZQgjXVxKwMl2ogLjha4bUSVxX1XUiv1vpPONispt7n12lteQeLVm7hhmjds94Kw9l5L5j0z93O2RhX2RkZZsh', 'windcuwm@ljuaphp.com', 10, 1, 4, 32, 1273375784, '2002-06-15', 'Facilities', 'Damphousse', 'Hai Mcgaffee', 1020749223, 2),
(1913193739, 'Melita', 'Paulseth', 'ffe', '3bR4oeMVfssfOaigfjnQvp5WzWiu02khXW2kygh8h3zhwzQ9V9mWzqwgcf3Ohc66o6fKLafiL5sn3Rr0OQXPLhckekdQ33dmeetjhnaYS9knhzNjKohdRfghVVdUbviyfadU06p0skypagvajeKXhTjMwlaX03jbjuhgsUfiS2Qmq22jbNdW3wyhhyb2zpj34QUgpXM6bf63e', 'Yk9TVhPV4vcnf8TO18XSQcjwn78lnapN3Qyq86dnl0STVcg0j4p169jbM6pbavgSoyX7kYcQ2mm0jna6KPoiZz3dYww9sif0TKOKejexx1KRLtTpphZaKVLbQr3eZbL', 'oxroo@dusvzhx.com', 10, 0, 20, 1796106245, 1861713038, '1998-04-20', 'Finance', 'Biersack', 'Avis Taunton', 1020749223, 2),
(1948779663, 'Manuel', 'Kitelinger', 'YUda', 'V7aq0OvuO0X3oQUWMo2pT9h4pK6mxsejZNlRafWaysaTPTdgWkjpXNalbdvjhkchojdSfNT5WtL1LTgVg7avjSPeieXaigglW7ShKgy', 'xqv3uekbjjXTsu1uhcQphUg9joTcUdOeph0YZX91KoUl5PijSfoaNdQT9ckjdOz9jhdiVh6h6ZfdoVxfLncixi73firUQcawMybKYvybLMgQMuaRjTzbWhK6KuhS2gaW8X1VMPrQOwahfMeeawhamgMnihVTLkwrcU6bhPeflkb5QirLQfXknRfahQcagWj3gb9nnLKRyfy8LfKoZRbZsquaXvt5', 'nmgotc@igewl.com', 10, 0, 30, 29, 1590775416, '1965-08-17', 'Research and Development', 'Goedsen', 'Skye Galston', 1020749223, 2),
(2034112994, 'Bobby', 'Choulnard', 'P7lhWcfM85MLZf3Mj0bLe', 'bVf5u7pLWiKx5Ta0y4W1fP8cPOL7ikQ3kgzPmh5Xkjww9nl7hnm7cuvscodLKKmRV8kch5QfW1c8', 'KypL3a1pc4woOairWSb3jWaPqKPQxLhOZ8s7audcY6eVoiO9WfPc1SOS2OUN3VNxdPjv9sfsVSafZ1pKjV7NgafYSpwzOc34W7fNecWMa0RT9X7i8RsrLae4', 'dbc@nhc.com', 10, 1, 4, 1818702610, 8867766, '1996-03-03', 'Logistics', 'Varnum', 'Ellsworth Dukeshir', 1020749223, 0),
(2063606079, 'Casimira', 'Kromer', 'QO3gVSbpSRcqQb9r', 'kV3b3ooM0LwgvM1Yg72TLkiQ9jbaKtZSgh6lcTZiuihzsjfvbVekRZl6WmjebL39sWeuyclat5pxhig3Q7gaQiku3dK1qiOtjTMXSg8guVubjvPoTSkgeeSeaTXdjf82', '1ggaLkYxMhKf7r5L1qhikotYhwalMY0QoOa85c9QNriaQKd14UbhRSfnQSzpi6bT3gRL1ajqXR9rw4Zb5fii7y5NdngUhooTYghns2ba2XcnOT923ah6YiiOm55rYYjfKxiV4MV', 'nwojjsho@htcxcvsq.com', 10, 1, 45, 29, 128678446, '1984-04-21', 'Research and Development', 'Chomicki', 'Trudie Muschett', 1020749223, 1),
(2075804532, 'Marcia', 'Lofwall', 'Lyk2s7lONL', 'oN48X5xqT1qtrWKWcoizmeMMPpp4zU1L19aNe0qLaSwec7ibeamTrrgawsrq4Pwt9Z69aOkM55NLnS243zQZgs4vP3YgQNf8cTX0rRzwUhosUb9j1jW63neyk4LyQeNezjSZ9b2XdQOuM2ndVeg5LePYrd5Xghg4aeKexurtacWdPsevXfTg4iXfgYbYvMzZdom9ZrnT6f5yl1kPjVf2', '7j4aUN4pQmUpTNgjlkxZKigfRi55P0dk3VdLS7XjMULWNX9e5sUeWngvmNWpo4xbcoUdybeQwXnTPj8o9gcYo', 'injso@fncqbyg.com', 10, 1, 30, 1758543124, 1207263107, '2005-03-10', 'Human Resources', 'Lavgle', 'Angelika Germer', 1020749223, 2),
(2126009745, 'Casimira', 'Rutan', 'wb2syv397dagkbgrNzbag21Xej3qljw', 'gy9ja6dqfafbUh3hvPTeLce22VToVdrmRhs', '0cWKdKa8dZMvTgRxnaqSzOkOZZb7bcyPsuRjTiSYyXrgypqtebMNbqmc5ggYdLa6ZPKSQ7accul5hcfWWl3LYa8Ou0TPV133tNLVnTfZjslugqPRjzUy4PhVSpp7g', 'wjibfl@kfyjn.com', 10, 1, 31, 41628187, 1510305882, '1978-02-07', 'Human Resources', 'July', 'Hyman Dejoode', 1020749223, 2),
(2129735525, 'Karry', 'Gambell', 'SS4WqR9wkh', 'Y5T1ZhM2vf7fqed9z95e854yRohgQShtO9vMbfMVKs59dL9fKNL3YcOgvMoUxgRU5UhycqzylKKiknVXTkx9diM7sSQwt3SsicgNdLKRbxiY95v8KhV6l8hecZfUvu8eow4cV2h9dmTT1WK9KyaWni13Of9T3ezaYuq01fkgXkRR3wXoXbg74YYY9fdgf1bax7iVgbX2QPYksNVVL4YxLpqN1gbu5cMfkOiPiRm3iknKrgrg3k5odOzaWumw', 'yPRvKXirYaVjuvmuzzm5bYRUoqdLyPeTuazLzpY34ZchRVRgwTi0T4Y3vgg', 'cc@pbs.com', 10, 1, 10, 805728566, 1161704915, '1959-03-20', 'Legal', 'Cuzzo', 'Earnestine Carabel', 1020749223, 2),
(2129735526, 'Jonas', 'Miederer', 'dJmiRp4STYbG-obEo7MBv5iNiHM7Ly7m', '$2y$13$Nhff0YB4ZLhxGOQaoDZ2cesFfHWNF7gjLxm5vkWucJaKsIEKuwOXm', NULL, 'jonasmied@gmail.com', 10, 0, NULL, 1434754908, 1434754908, NULL, NULL, 'Miederer', 'Jonas Miederer', NULL, 0);

--
-- Daten für Tabelle `qualification`
--

INSERT INTO `qualification` (`id`, `description`, `file`) VALUES
(1, 'Es gibt im Moment in diese Mannschaft, oh, einige Spieler vergessen ihnen Profi was sie sind. Ich lese nicht sehr viele Zeitungen, aber ich habe gehört viele Situationen. Erstens: wir haben nicht offensiv gespielt. Es gibt keine deutsche Mannschaft.', 1948452189),
(2, 'Es gibt im Moment in diese Mannschaft, oh, einige Spieler vergessen ihnen Profi was sie sind. Ich lese nicht sehr viele Zeitungen, aber ich habe gehört viele Situationen. Erstens: wir haben nicht offensiv gespielt. Es gibt keine deutsche Mannschaft.', 1948452189),
(3, 'Es gibt im Moment in diese Mannschaft, oh, einige Spieler vergessen ihnen Profi was sie sind. Ich lese nicht sehr viele Zeitungen, aber ich habe gehört viele Situationen. Erstens: wir haben nicht offensiv gespielt. Es gibt keine deutsche Mannschaft.', 1948452189),
(4, 'Es gibt im Moment in diese Mannschaft, oh, einige Spieler vergessen ihnen Profi was sie sind. Ich lese nicht sehr viele Zeitungen, aber ich habe gehört viele Situationen. Erstens: wir haben nicht offensiv gespielt. Es gibt keine deutsche Mannschaft.', 1948452189),
(5, 'Es gibt im Moment in diese Mannschaft, oh, einige Spieler vergessen ihnen Profi was sie sind. Ich lese nicht sehr viele Zeitungen, aber ich habe gehört viele Situationen. Erstens: wir haben nicht offensiv gespielt. Es gibt keine deutsche Mannschaft.', 1948452189),
(6, 'Es gibt im Moment in diese Mannschaft, oh, einige Spieler vergessen ihnen Profi was sie sind. Ich lese nicht sehr viele Zeitungen, aber ich habe gehört viele Situationen. Erstens: wir haben nicht offensiv gespielt. Es gibt keine deutsche Mannschaft.', 1948452189),
(7, 'Es gibt im Moment in diese Mannschaft, oh, einige Spieler vergessen ihnen Profi was sie sind. Ich lese nicht sehr viele Zeitungen, aber ich habe gehört viele Situationen. Erstens: wir haben nicht offensiv gespielt. Es gibt keine deutsche Mannschaft.', 1948452189),
(8, 'Es gibt im Moment in diese Mannschaft, oh, einige Spieler vergessen ihnen Profi was sie sind. Ich lese nicht sehr viele Zeitungen, aber ich habe gehört viele Situationen. Erstens: wir haben nicht offensiv gespielt. Es gibt keine deutsche Mannschaft.', 1948452189),
(9, 'Es gibt im Moment in diese Mannschaft, oh, einige Spieler vergessen ihnen Profi was sie sind. Ich lese nicht sehr viele Zeitungen, aber ich habe gehört viele Situationen. Erstens: wir haben nicht offensiv gespielt. Es gibt keine deutsche Mannschaft.', 1948452189),
(10, 'Es gibt im Moment in diese Mannschaft, oh, einige Spieler vergessen ihnen Profi was sie sind. Ich lese nicht sehr viele Zeitungen, aber ich habe gehört viele Situationen. Erstens: wir haben nicht offensiv gespielt. Es gibt keine deutsche Mannschaft.', 1948452189),
(11, 'Es gibt im Moment in diese Mannschaft, oh, einige Spieler vergessen ihnen Profi was sie sind. Ich lese nicht sehr viele Zeitungen, aber ich habe gehört viele Situationen. Erstens: wir haben nicht offensiv gespielt. Es gibt keine deutsche Mannschaft.', 1948452189),
(12, 'Es gibt im Moment in diese Mannschaft, oh, einige Spieler vergessen ihnen Profi was sie sind. Ich lese nicht sehr viele Zeitungen, aber ich habe gehört viele Situationen. Erstens: wir haben nicht offensiv gespielt. Es gibt keine deutsche Mannschaft.', 1948452189),
(13, 'Es gibt im Moment in diese Mannschaft, oh, einige Spieler vergessen ihnen Profi was sie sind. Ich lese nicht sehr viele Zeitungen, aber ich habe gehört viele Situationen. Erstens: wir haben nicht offensiv gespielt. Es gibt keine deutsche Mannschaft.', 1948452189),
(14, 'Es gibt im Moment in diese Mannschaft, oh, einige Spieler vergessen ihnen Profi was sie sind. Ich lese nicht sehr viele Zeitungen, aber ich habe gehört viele Situationen. Erstens: wir haben nicht offensiv gespielt. Es gibt keine deutsche Mannschaft.', 1948452189),
(15, 'Es gibt im Moment in diese Mannschaft, oh, einige Spieler vergessen ihnen Profi was sie sind. Ich lese nicht sehr viele Zeitungen, aber ich habe gehört viele Situationen. Erstens: wir haben nicht offensiv gespielt. Es gibt keine deutsche Mannschaft.', 1948452189),
(16, 'Es gibt im Moment in diese Mannschaft, oh, einige Spieler vergessen ihnen Profi was sie sind. Ich lese nicht sehr viele Zeitungen, aber ich habe gehört viele Situationen. Erstens: wir haben nicht offensiv gespielt. Es gibt keine deutsche Mannschaft.', 1948452189),
(17, 'Es gibt im Moment in diese Mannschaft, oh, einige Spieler vergessen ihnen Profi was sie sind. Ich lese nicht sehr viele Zeitungen, aber ich habe gehört viele Situationen. Erstens: wir haben nicht offensiv gespielt. Es gibt keine deutsche Mannschaft.', 1948452189),
(18, 'Es gibt im Moment in diese Mannschaft, oh, einige Spieler vergessen ihnen Profi was sie sind. Ich lese nicht sehr viele Zeitungen, aber ich habe gehört viele Situationen. Erstens: wir haben nicht offensiv gespielt. Es gibt keine deutsche Mannschaft.', 1948452189),
(19, 'Es gibt im Moment in diese Mannschaft, oh, einige Spieler vergessen ihnen Profi was sie sind. Ich lese nicht sehr viele Zeitungen, aber ich habe gehört viele Situationen. Erstens: wir haben nicht offensiv gespielt. Es gibt keine deutsche Mannschaft.', 1948452189),
(20, 'Es gibt im Moment in diese Mannschaft, oh, einige Spieler vergessen ihnen Profi was sie sind. Ich lese nicht sehr viele Zeitungen, aber ich habe gehört viele Situationen. Erstens: wir haben nicht offensiv gespielt. Es gibt keine deutsche Mannschaft.', 1948452189),
(21, 'Es gibt im Moment in diese Mannschaft, oh, einige Spieler vergessen ihnen Profi was sie sind. Ich lese nicht sehr viele Zeitungen, aber ich habe gehört viele Situationen. Erstens: wir haben nicht offensiv gespielt. Es gibt keine deutsche Mannschaft.', 1948452189),
(22, 'Es gibt im Moment in diese Mannschaft, oh, einige Spieler vergessen ihnen Profi was sie sind. Ich lese nicht sehr viele Zeitungen, aber ich habe gehört viele Situationen. Erstens: wir haben nicht offensiv gespielt. Es gibt keine deutsche Mannschaft.', 1948452189),
(23, 'Es gibt im Moment in diese Mannschaft, oh, einige Spieler vergessen ihnen Profi was sie sind. Ich lese nicht sehr viele Zeitungen, aber ich habe gehört viele Situationen. Erstens: wir haben nicht offensiv gespielt. Es gibt keine deutsche Mannschaft.', 1948452189),
(24, 'Es gibt im Moment in diese Mannschaft, oh, einige Spieler vergessen ihnen Profi was sie sind. Ich lese nicht sehr viele Zeitungen, aber ich habe gehört viele Situationen. Erstens: wir haben nicht offensiv gespielt. Es gibt keine deutsche Mannschaft.', 1948452189),
(25, 'Es gibt im Moment in diese Mannschaft, oh, einige Spieler vergessen ihnen Profi was sie sind. Ich lese nicht sehr viele Zeitungen, aber ich habe gehört viele Situationen. Erstens: wir haben nicht offensiv gespielt. Es gibt keine deutsche Mannschaft.', 1948452189),
(26, 'Es gibt im Moment in diese Mannschaft, oh, einige Spieler vergessen ihnen Profi was sie sind. Ich lese nicht sehr viele Zeitungen, aber ich habe gehört viele Situationen. Erstens: wir haben nicht offensiv gespielt. Es gibt keine deutsche Mannschaft.', 1948452189),
(27, 'Es gibt im Moment in diese Mannschaft, oh, einige Spieler vergessen ihnen Profi was sie sind. Ich lese nicht sehr viele Zeitungen, aber ich habe gehört viele Situationen. Erstens: wir haben nicht offensiv gespielt. Es gibt keine deutsche Mannschaft.', 1948452189),
(28, 'Es gibt im Moment in diese Mannschaft, oh, einige Spieler vergessen ihnen Profi was sie sind. Ich lese nicht sehr viele Zeitungen, aber ich habe gehört viele Situationen. Erstens: wir haben nicht offensiv gespielt. Es gibt keine deutsche Mannschaft.', 1948452189),
(29, 'Es gibt im Moment in diese Mannschaft, oh, einige Spieler vergessen ihnen Profi was sie sind. Ich lese nicht sehr viele Zeitungen, aber ich habe gehört viele Situationen. Erstens: wir haben nicht offensiv gespielt. Es gibt keine deutsche Mannschaft.', 1948452189),
(30, 'Es gibt im Moment in diese Mannschaft, oh, einige Spieler vergessen ihnen Profi was sie sind. Ich lese nicht sehr viele Zeitungen, aber ich habe gehört viele Situationen. Erstens: wir haben nicht offensiv gespielt. Es gibt keine deutsche Mannschaft.', 1948452189),
(31, 'Es gibt im Moment in diese Mannschaft, oh, einige Spieler vergessen ihnen Profi was sie sind. Ich lese nicht sehr viele Zeitungen, aber ich habe gehört viele Situationen. Erstens: wir haben nicht offensiv gespielt. Es gibt keine deutsche Mannschaft.', 1948452189),
(32, 'Es gibt im Moment in diese Mannschaft, oh, einige Spieler vergessen ihnen Profi was sie sind. Ich lese nicht sehr viele Zeitungen, aber ich habe gehört viele Situationen. Erstens: wir haben nicht offensiv gespielt. Es gibt keine deutsche Mannschaft.', 1948452189),
(33, 'Es gibt im Moment in diese Mannschaft, oh, einige Spieler vergessen ihnen Profi was sie sind. Ich lese nicht sehr viele Zeitungen, aber ich habe gehört viele Situationen. Erstens: wir haben nicht offensiv gespielt. Es gibt keine deutsche Mannschaft.', 1948452189),
(34, 'Es gibt im Moment in diese Mannschaft, oh, einige Spieler vergessen ihnen Profi was sie sind. Ich lese nicht sehr viele Zeitungen, aber ich habe gehört viele Situationen. Erstens: wir haben nicht offensiv gespielt. Es gibt keine deutsche Mannschaft.', 1948452189),
(35, 'Es gibt im Moment in diese Mannschaft, oh, einige Spieler vergessen ihnen Profi was sie sind. Ich lese nicht sehr viele Zeitungen, aber ich habe gehört viele Situationen. Erstens: wir haben nicht offensiv gespielt. Es gibt keine deutsche Mannschaft.', 1948452189),
(36, 'Es gibt im Moment in diese Mannschaft, oh, einige Spieler vergessen ihnen Profi was sie sind. Ich lese nicht sehr viele Zeitungen, aber ich habe gehört viele Situationen. Erstens: wir haben nicht offensiv gespielt. Es gibt keine deutsche Mannschaft.', 1948452189),
(37, 'Es gibt im Moment in diese Mannschaft, oh, einige Spieler vergessen ihnen Profi was sie sind. Ich lese nicht sehr viele Zeitungen, aber ich habe gehört viele Situationen. Erstens: wir haben nicht offensiv gespielt. Es gibt keine deutsche Mannschaft.', 1948452189),
(38, 'Es gibt im Moment in diese Mannschaft, oh, einige Spieler vergessen ihnen Profi was sie sind. Ich lese nicht sehr viele Zeitungen, aber ich habe gehört viele Situationen. Erstens: wir haben nicht offensiv gespielt. Es gibt keine deutsche Mannschaft.', 1948452189),
(39, 'Es gibt im Moment in diese Mannschaft, oh, einige Spieler vergessen ihnen Profi was sie sind. Ich lese nicht sehr viele Zeitungen, aber ich habe gehört viele Situationen. Erstens: wir haben nicht offensiv gespielt. Es gibt keine deutsche Mannschaft.', 1948452189),
(40, 'Es gibt im Moment in diese Mannschaft, oh, einige Spieler vergessen ihnen Profi was sie sind. Ich lese nicht sehr viele Zeitungen, aber ich habe gehört viele Situationen. Erstens: wir haben nicht offensiv gespielt. Es gibt keine deutsche Mannschaft.', 1948452189),
(41, 'Es gibt im Moment in diese Mannschaft, oh, einige Spieler vergessen ihnen Profi was sie sind. Ich lese nicht sehr viele Zeitungen, aber ich habe gehört viele Situationen. Erstens: wir haben nicht offensiv gespielt. Es gibt keine deutsche Mannschaft.', 1948452189),
(42, 'Es gibt im Moment in diese Mannschaft, oh, einige Spieler vergessen ihnen Profi was sie sind. Ich lese nicht sehr viele Zeitungen, aber ich habe gehört viele Situationen. Erstens: wir haben nicht offensiv gespielt. Es gibt keine deutsche Mannschaft.', 1948452189),
(43, 'Es gibt im Moment in diese Mannschaft, oh, einige Spieler vergessen ihnen Profi was sie sind. Ich lese nicht sehr viele Zeitungen, aber ich habe gehört viele Situationen. Erstens: wir haben nicht offensiv gespielt. Es gibt keine deutsche Mannschaft.', 1948452189),
(44, 'Es gibt im Moment in diese Mannschaft, oh, einige Spieler vergessen ihnen Profi was sie sind. Ich lese nicht sehr viele Zeitungen, aber ich habe gehört viele Situationen. Erstens: wir haben nicht offensiv gespielt. Es gibt keine deutsche Mannschaft.', 1948452189),
(45, 'Es gibt im Moment in diese Mannschaft, oh, einige Spieler vergessen ihnen Profi was sie sind. Ich lese nicht sehr viele Zeitungen, aber ich habe gehört viele Situationen. Erstens: wir haben nicht offensiv gespielt. Es gibt keine deutsche Mannschaft.', 1948452189),
(46, 'Es gibt im Moment in diese Mannschaft, oh, einige Spieler vergessen ihnen Profi was sie sind. Ich lese nicht sehr viele Zeitungen, aber ich habe gehört viele Situationen. Erstens: wir haben nicht offensiv gespielt. Es gibt keine deutsche Mannschaft.', 1948452189),
(47, 'Es gibt im Moment in diese Mannschaft, oh, einige Spieler vergessen ihnen Profi was sie sind. Ich lese nicht sehr viele Zeitungen, aber ich habe gehört viele Situationen. Erstens: wir haben nicht offensiv gespielt. Es gibt keine deutsche Mannschaft.', 1948452189),
(48, 'Es gibt im Moment in diese Mannschaft, oh, einige Spieler vergessen ihnen Profi was sie sind. Ich lese nicht sehr viele Zeitungen, aber ich habe gehört viele Situationen. Erstens: wir haben nicht offensiv gespielt. Es gibt keine deutsche Mannschaft.', 1948452189),
(49, 'Es gibt im Moment in diese Mannschaft, oh, einige Spieler vergessen ihnen Profi was sie sind. Ich lese nicht sehr viele Zeitungen, aber ich habe gehört viele Situationen. Erstens: wir haben nicht offensiv gespielt. Es gibt keine deutsche Mannschaft.', 1948452189),
(50, 'Es gibt im Moment in diese Mannschaft, oh, einige Spieler vergessen ihnen Profi was sie sind. Ich lese nicht sehr viele Zeitungen, aber ich habe gehört viele Situationen. Erstens: wir haben nicht offensiv gespielt. Es gibt keine deutsche Mannschaft.', 1948452189);



--
-- Daten für Tabelle `resume_job`
--

INSERT INTO `resume_job` (`id`, `user_id`, `begin`, `end`, `company_id`, `type`, `current`, `report_id`, `description`) VALUES
(1, 1473017840, '1993-11-03', '1997-07-24', 2, 'Putze', 1, 622071470, 'Es gibt im Moment in diese Mannschaft, oh, einige Spieler vergessen ihnen Profi was sie sind. Ich lese nicht sehr viele Zeitungen, aber ich habe gehört viele Situationen. Erstens: wir haben nicht offensiv gespielt. Es gibt keine deutsche Mannschaft.'),
(2, 1473017840, '1985-02-21', '2019-01-01', 43, 'Putze', 1, 622071470, 'Es gibt im Moment in diese Mannschaft, oh, einige Spieler vergessen ihnen Profi was sie sind. Ich lese nicht sehr viele Zeitungen, aber ich habe gehört viele Situationen. Erstens: wir haben nicht offensiv gespielt. Es gibt keine deutsche Mannschaft.'),
(3, 1473017840, '2008-10-23', '2018-06-02', 30, 'Informatiker', 0, 622071470, 'Es gibt im Moment in diese Mannschaft, oh, einige Spieler vergessen ihnen Profi was sie sind. Ich lese nicht sehr viele Zeitungen, aber ich habe gehört viele Situationen. Erstens: wir haben nicht offensiv gespielt. Es gibt keine deutsche Mannschaft.'),
(4, 1473017840, '2002-12-09', '2010-12-02', 10, 'Putze', 0, 622071470, 'Es gibt im Moment in diese Mannschaft, oh, einige Spieler vergessen ihnen Profi was sie sind. Ich lese nicht sehr viele Zeitungen, aber ich habe gehört viele Situationen. Erstens: wir haben nicht offensiv gespielt. Es gibt keine deutsche Mannschaft.'),
(5, 1473017840, '1995-02-28', '2004-09-08', 42, 'Elektriker', 1, 622071470, 'Es gibt im Moment in diese Mannschaft, oh, einige Spieler vergessen ihnen Profi was sie sind. Ich lese nicht sehr viele Zeitungen, aber ich habe gehört viele Situationen. Erstens: wir haben nicht offensiv gespielt. Es gibt keine deutsche Mannschaft.'),
(6, 1473017840, '1982-06-15', '2004-08-09', 27, 'Informatiker', 1, 622071470, 'Es gibt im Moment in diese Mannschaft, oh, einige Spieler vergessen ihnen Profi was sie sind. Ich lese nicht sehr viele Zeitungen, aber ich habe gehört viele Situationen. Erstens: wir haben nicht offensiv gespielt. Es gibt keine deutsche Mannschaft.'),
(7, 1473017840, '1955-11-01', '1999-04-12', 1, 'Putze', 1, 622071470, 'Es gibt im Moment in diese Mannschaft, oh, einige Spieler vergessen ihnen Profi was sie sind. Ich lese nicht sehr viele Zeitungen, aber ich habe gehört viele Situationen. Erstens: wir haben nicht offensiv gespielt. Es gibt keine deutsche Mannschaft.'),
(8, 1473017840, '2003-08-26', '1991-06-22', 3, 'Putze', 0, 622071470, 'Es gibt im Moment in diese Mannschaft, oh, einige Spieler vergessen ihnen Profi was sie sind. Ich lese nicht sehr viele Zeitungen, aber ich habe gehört viele Situationen. Erstens: wir haben nicht offensiv gespielt. Es gibt keine deutsche Mannschaft.'),
(9, 1473017840, '1985-07-08', '2005-07-17', 45, 'Putze', 1, 622071470, 'Es gibt im Moment in diese Mannschaft, oh, einige Spieler vergessen ihnen Profi was sie sind. Ich lese nicht sehr viele Zeitungen, aber ich habe gehört viele Situationen. Erstens: wir haben nicht offensiv gespielt. Es gibt keine deutsche Mannschaft.'),
(10, 1473017840, '2010-12-19', '2019-04-06', 50, 'Putze', 0, 622071470, 'Es gibt im Moment in diese Mannschaft, oh, einige Spieler vergessen ihnen Profi was sie sind. Ich lese nicht sehr viele Zeitungen, aber ich habe gehört viele Situationen. Erstens: wir haben nicht offensiv gespielt. Es gibt keine deutsche Mannschaft.'),
(11, 1009981199, '1994-05-16', '2001-11-17', 24, 'Putze', 1, 622071470, 'Es gibt im Moment in diese Mannschaft, oh, einige Spieler vergessen ihnen Profi was sie sind. Ich lese nicht sehr viele Zeitungen, aber ich habe gehört viele Situationen. Erstens: wir haben nicht offensiv gespielt. Es gibt keine deutsche Mannschaft.'),
(12, 1009981199, '2013-02-02', '1999-08-20', 31, 'Elektriker', 1, 622071470, 'Es gibt im Moment in diese Mannschaft, oh, einige Spieler vergessen ihnen Profi was sie sind. Ich lese nicht sehr viele Zeitungen, aber ich habe gehört viele Situationen. Erstens: wir haben nicht offensiv gespielt. Es gibt keine deutsche Mannschaft.'),
(13, 1009981199, '2008-11-25', '2016-08-26', 34, 'Elektriker', 1, 622071470, 'Es gibt im Moment in diese Mannschaft, oh, einige Spieler vergessen ihnen Profi was sie sind. Ich lese nicht sehr viele Zeitungen, aber ich habe gehört viele Situationen. Erstens: wir haben nicht offensiv gespielt. Es gibt keine deutsche Mannschaft.'),
(14, 1009981199, '1981-09-04', '2004-07-22', 33, 'Putze', 1, 622071470, 'Es gibt im Moment in diese Mannschaft, oh, einige Spieler vergessen ihnen Profi was sie sind. Ich lese nicht sehr viele Zeitungen, aber ich habe gehört viele Situationen. Erstens: wir haben nicht offensiv gespielt. Es gibt keine deutsche Mannschaft.'),
(15, 1009981199, '1956-09-19', '1995-03-28', 50, 'Putze', 0, 622071470, 'Es gibt im Moment in diese Mannschaft, oh, einige Spieler vergessen ihnen Profi was sie sind. Ich lese nicht sehr viele Zeitungen, aber ich habe gehört viele Situationen. Erstens: wir haben nicht offensiv gespielt. Es gibt keine deutsche Mannschaft.'),
(16, 1009981199, '2000-11-12', '2000-04-16', 41, 'Putze', 0, 622071470, 'Es gibt im Moment in diese Mannschaft, oh, einige Spieler vergessen ihnen Profi was sie sind. Ich lese nicht sehr viele Zeitungen, aber ich habe gehört viele Situationen. Erstens: wir haben nicht offensiv gespielt. Es gibt keine deutsche Mannschaft.'),
(17, 1009981199, '1999-09-10', '1996-02-05', 2, 'Putze', 1, 622071470, 'Es gibt im Moment in diese Mannschaft, oh, einige Spieler vergessen ihnen Profi was sie sind. Ich lese nicht sehr viele Zeitungen, aber ich habe gehört viele Situationen. Erstens: wir haben nicht offensiv gespielt. Es gibt keine deutsche Mannschaft.'),
(18, 1009981199, '2015-01-03', '2017-11-20', 50, 'Informatiker', 1, 622071470, 'Es gibt im Moment in diese Mannschaft, oh, einige Spieler vergessen ihnen Profi was sie sind. Ich lese nicht sehr viele Zeitungen, aber ich habe gehört viele Situationen. Erstens: wir haben nicht offensiv gespielt. Es gibt keine deutsche Mannschaft.'),
(19, 1009981199, '1976-04-21', '2007-06-20', 23, 'Putze', 1, 622071470, 'Es gibt im Moment in diese Mannschaft, oh, einige Spieler vergessen ihnen Profi was sie sind. Ich lese nicht sehr viele Zeitungen, aber ich habe gehört viele Situationen. Erstens: wir haben nicht offensiv gespielt. Es gibt keine deutsche Mannschaft.'),
(20, 1009981199, '2004-05-14', '1993-07-25', 44, 'Elektriker', 0, 622071470, 'Es gibt im Moment in diese Mannschaft, oh, einige Spieler vergessen ihnen Profi was sie sind. Ich lese nicht sehr viele Zeitungen, aber ich habe gehört viele Situationen. Erstens: wir haben nicht offensiv gespielt. Es gibt keine deutsche Mannschaft.'),
(21, 202263084, '1978-06-04', '2019-09-26', 23, 'Elektriker', 1, 622071470, 'Es gibt im Moment in diese Mannschaft, oh, einige Spieler vergessen ihnen Profi was sie sind. Ich lese nicht sehr viele Zeitungen, aber ich habe gehört viele Situationen. Erstens: wir haben nicht offensiv gespielt. Es gibt keine deutsche Mannschaft.'),
(22, 202263084, '2012-05-08', '2008-02-24', 1, 'Informatiker', 1, 622071470, 'Es gibt im Moment in diese Mannschaft, oh, einige Spieler vergessen ihnen Profi was sie sind. Ich lese nicht sehr viele Zeitungen, aber ich habe gehört viele Situationen. Erstens: wir haben nicht offensiv gespielt. Es gibt keine deutsche Mannschaft.'),
(23, 202263084, '1956-06-11', '1998-08-09', 21, 'Informatiker', 0, 622071470, 'Es gibt im Moment in diese Mannschaft, oh, einige Spieler vergessen ihnen Profi was sie sind. Ich lese nicht sehr viele Zeitungen, aber ich habe gehört viele Situationen. Erstens: wir haben nicht offensiv gespielt. Es gibt keine deutsche Mannschaft.'),
(24, 202263084, '1964-09-16', '2019-08-13', 42, 'Informatiker', 1, 622071470, 'Es gibt im Moment in diese Mannschaft, oh, einige Spieler vergessen ihnen Profi was sie sind. Ich lese nicht sehr viele Zeitungen, aber ich habe gehört viele Situationen. Erstens: wir haben nicht offensiv gespielt. Es gibt keine deutsche Mannschaft.'),
(25, 202263084, '2005-07-25', '2009-07-03', 32, 'Informatiker', 0, 622071470, 'Es gibt im Moment in diese Mannschaft, oh, einige Spieler vergessen ihnen Profi was sie sind. Ich lese nicht sehr viele Zeitungen, aber ich habe gehört viele Situationen. Erstens: wir haben nicht offensiv gespielt. Es gibt keine deutsche Mannschaft.'),
(26, 202263084, '2008-03-18', '2009-05-06', 35, 'Putze', 0, 622071470, 'Es gibt im Moment in diese Mannschaft, oh, einige Spieler vergessen ihnen Profi was sie sind. Ich lese nicht sehr viele Zeitungen, aber ich habe gehört viele Situationen. Erstens: wir haben nicht offensiv gespielt. Es gibt keine deutsche Mannschaft.'),
(27, 202263084, '1961-10-05', '2007-07-23', 37, 'Elektriker', 1, 622071470, 'Es gibt im Moment in diese Mannschaft, oh, einige Spieler vergessen ihnen Profi was sie sind. Ich lese nicht sehr viele Zeitungen, aber ich habe gehört viele Situationen. Erstens: wir haben nicht offensiv gespielt. Es gibt keine deutsche Mannschaft.'),
(28, 202263084, '1983-12-24', '2018-03-05', 16, 'Putze', 0, 622071470, 'Es gibt im Moment in diese Mannschaft, oh, einige Spieler vergessen ihnen Profi was sie sind. Ich lese nicht sehr viele Zeitungen, aber ich habe gehört viele Situationen. Erstens: wir haben nicht offensiv gespielt. Es gibt keine deutsche Mannschaft.'),
(29, 202263084, '1982-08-29', '2015-07-03', 25, 'Putze', 1, 622071470, 'Es gibt im Moment in diese Mannschaft, oh, einige Spieler vergessen ihnen Profi was sie sind. Ich lese nicht sehr viele Zeitungen, aber ich habe gehört viele Situationen. Erstens: wir haben nicht offensiv gespielt. Es gibt keine deutsche Mannschaft.'),
(30, 202263084, '1990-06-23', '1990-08-10', 32, 'Informatiker', 1, 622071470, 'Es gibt im Moment in diese Mannschaft, oh, einige Spieler vergessen ihnen Profi was sie sind. Ich lese nicht sehr viele Zeitungen, aber ich habe gehört viele Situationen. Erstens: wir haben nicht offensiv gespielt. Es gibt keine deutsche Mannschaft.'),
(31, 1913193739, '1976-10-20', '2005-06-28', 50, 'Informatiker', 0, 622071470, 'Es gibt im Moment in diese Mannschaft, oh, einige Spieler vergessen ihnen Profi was sie sind. Ich lese nicht sehr viele Zeitungen, aber ich habe gehört viele Situationen. Erstens: wir haben nicht offensiv gespielt. Es gibt keine deutsche Mannschaft.'),
(32, 1913193739, '1970-12-20', '2002-04-28', 34, 'Informatiker', 1, 622071470, 'Es gibt im Moment in diese Mannschaft, oh, einige Spieler vergessen ihnen Profi was sie sind. Ich lese nicht sehr viele Zeitungen, aber ich habe gehört viele Situationen. Erstens: wir haben nicht offensiv gespielt. Es gibt keine deutsche Mannschaft.'),
(33, 1913193739, '2014-04-13', '2020-08-26', 24, 'Informatiker', 1, 622071470, 'Es gibt im Moment in diese Mannschaft, oh, einige Spieler vergessen ihnen Profi was sie sind. Ich lese nicht sehr viele Zeitungen, aber ich habe gehört viele Situationen. Erstens: wir haben nicht offensiv gespielt. Es gibt keine deutsche Mannschaft.'),
(34, 1913193739, '1984-02-05', '1997-05-28', 15, 'Elektriker', 0, 622071470, 'Es gibt im Moment in diese Mannschaft, oh, einige Spieler vergessen ihnen Profi was sie sind. Ich lese nicht sehr viele Zeitungen, aber ich habe gehört viele Situationen. Erstens: wir haben nicht offensiv gespielt. Es gibt keine deutsche Mannschaft.'),
(35, 1913193739, '1990-03-15', '2018-04-02', 41, 'Elektriker', 1, 622071470, 'Es gibt im Moment in diese Mannschaft, oh, einige Spieler vergessen ihnen Profi was sie sind. Ich lese nicht sehr viele Zeitungen, aber ich habe gehört viele Situationen. Erstens: wir haben nicht offensiv gespielt. Es gibt keine deutsche Mannschaft.'),
(36, 1913193739, '1981-07-12', '2015-11-30', 41, 'Elektriker', 0, 622071470, 'Es gibt im Moment in diese Mannschaft, oh, einige Spieler vergessen ihnen Profi was sie sind. Ich lese nicht sehr viele Zeitungen, aber ich habe gehört viele Situationen. Erstens: wir haben nicht offensiv gespielt. Es gibt keine deutsche Mannschaft.'),
(37, 1913193739, '1984-06-18', '1997-02-24', 32, 'Informatiker', 0, 622071470, 'Es gibt im Moment in diese Mannschaft, oh, einige Spieler vergessen ihnen Profi was sie sind. Ich lese nicht sehr viele Zeitungen, aber ich habe gehört viele Situationen. Erstens: wir haben nicht offensiv gespielt. Es gibt keine deutsche Mannschaft.'),
(38, 1913193739, '1984-03-16', '2007-11-21', 27, 'Putze', 1, 622071470, 'Es gibt im Moment in diese Mannschaft, oh, einige Spieler vergessen ihnen Profi was sie sind. Ich lese nicht sehr viele Zeitungen, aber ich habe gehört viele Situationen. Erstens: wir haben nicht offensiv gespielt. Es gibt keine deutsche Mannschaft.'),
(39, 1913193739, '1957-11-21', '1990-05-14', 37, 'Putze', 0, 622071470, 'Es gibt im Moment in diese Mannschaft, oh, einige Spieler vergessen ihnen Profi was sie sind. Ich lese nicht sehr viele Zeitungen, aber ich habe gehört viele Situationen. Erstens: wir haben nicht offensiv gespielt. Es gibt keine deutsche Mannschaft.'),
(40, 1913193739, '1991-12-26', '2006-03-16', 46, 'Putze', 0, 622071470, 'Es gibt im Moment in diese Mannschaft, oh, einige Spieler vergessen ihnen Profi was sie sind. Ich lese nicht sehr viele Zeitungen, aber ich habe gehört viele Situationen. Erstens: wir haben nicht offensiv gespielt. Es gibt keine deutsche Mannschaft.'),
(41, 1948779663, '1966-12-29', '2014-02-11', 29, 'Informatiker', 1, 622071470, 'Es gibt im Moment in diese Mannschaft, oh, einige Spieler vergessen ihnen Profi was sie sind. Ich lese nicht sehr viele Zeitungen, aber ich habe gehört viele Situationen. Erstens: wir haben nicht offensiv gespielt. Es gibt keine deutsche Mannschaft.'),
(42, 1948779663, '1951-03-01', '2016-03-26', 41, 'Elektriker', 0, 622071470, 'Es gibt im Moment in diese Mannschaft, oh, einige Spieler vergessen ihnen Profi was sie sind. Ich lese nicht sehr viele Zeitungen, aber ich habe gehört viele Situationen. Erstens: wir haben nicht offensiv gespielt. Es gibt keine deutsche Mannschaft.'),
(43, 1948779663, '2010-08-17', '1999-01-05', 31, 'Elektriker', 0, 622071470, 'Es gibt im Moment in diese Mannschaft, oh, einige Spieler vergessen ihnen Profi was sie sind. Ich lese nicht sehr viele Zeitungen, aber ich habe gehört viele Situationen. Erstens: wir haben nicht offensiv gespielt. Es gibt keine deutsche Mannschaft.'),
(44, 505888886, '1955-07-24', '2010-02-13', 23, 'Elektriker', 0, 622071470, 'Es gibt im Moment in diese Mannschaft, oh, einige Spieler vergessen ihnen Profi was sie sind. Ich lese nicht sehr viele Zeitungen, aber ich habe gehört viele Situationen. Erstens: wir haben nicht offensiv gespielt. Es gibt keine deutsche Mannschaft.'),
(45, 1948779663, '1964-01-16', '2018-04-29', 25, 'Elektriker', 1, 622071470, 'Es gibt im Moment in diese Mannschaft, oh, einige Spieler vergessen ihnen Profi was sie sind. Ich lese nicht sehr viele Zeitungen, aber ich habe gehört viele Situationen. Erstens: wir haben nicht offensiv gespielt. Es gibt keine deutsche Mannschaft.'),
(46, 1948779663, '2008-10-30', '1993-03-16', 26, 'Elektriker', 0, 622071470, 'Es gibt im Moment in diese Mannschaft, oh, einige Spieler vergessen ihnen Profi was sie sind. Ich lese nicht sehr viele Zeitungen, aber ich habe gehört viele Situationen. Erstens: wir haben nicht offensiv gespielt. Es gibt keine deutsche Mannschaft.'),
(47, 1948779663, '1984-02-28', '2010-06-18', 20, 'Putze', 0, 622071470, 'Es gibt im Moment in diese Mannschaft, oh, einige Spieler vergessen ihnen Profi was sie sind. Ich lese nicht sehr viele Zeitungen, aber ich habe gehört viele Situationen. Erstens: wir haben nicht offensiv gespielt. Es gibt keine deutsche Mannschaft.'),
(48, 1948779663, '2015-08-29', '1995-05-02', 3, 'Putze', 1, 622071470, 'Es gibt im Moment in diese Mannschaft, oh, einige Spieler vergessen ihnen Profi was sie sind. Ich lese nicht sehr viele Zeitungen, aber ich habe gehört viele Situationen. Erstens: wir haben nicht offensiv gespielt. Es gibt keine deutsche Mannschaft.'),
(49, 1948779663, '2001-10-13', '2003-10-01', 49, 'Putze', 0, 622071470, 'Es gibt im Moment in diese Mannschaft, oh, einige Spieler vergessen ihnen Profi was sie sind. Ich lese nicht sehr viele Zeitungen, aber ich habe gehört viele Situationen. Erstens: wir haben nicht offensiv gespielt. Es gibt keine deutsche Mannschaft.'),
(50, 2034112994, '1992-04-18', '2010-01-16', 3, 'Informatiker', 1, 622071470, 'Es gibt im Moment in diese Mannschaft, oh, einige Spieler vergessen ihnen Profi was sie sind. Ich lese nicht sehr viele Zeitungen, aber ich habe gehört viele Situationen. Erstens: wir haben nicht offensiv gespielt. Es gibt keine deutsche Mannschaft.');

--
-- Daten für Tabelle `favourites`
--

INSERT INTO `favourites` (`id`, `job_id`, `user_id`) VALUES
(115238728, 12927919, 344200528),
(123080134, 1906665686, 1579121708),
(128387161, 1906665686, 1579121708),
(213717816, 12927919, 1017127222),
(249438183, 12927919, 344200528),
(267284973, 12927919, 344200528),
(321793139, 468082585, 756288502),
(347218588, 12927919, 1017127222),
(370232945, 12927919, 344200528),
(390671892, 1906665686, 1579121708),
(396043579, 468082585, 344200528),
(405354179, 468082585, 344200528),
(406934038, 468082585, 756288502),
(412117672, 1906665686, 1579121708),
(413364406, 468082585, 756288502),
(483071779, 12927919, 1017127222),
(577059392, 1906665686, 1579121708),
(656103200, 12927919, 1017127222),
(751057516, 1906665686, 1579121708),
(772735528, 1906665686, 1579121708),
(813705556, 1906665686, 1579121708),
(815862969, 12927919, 344200528),
(826889936, 12927919, 1017127222),
(831199201, 12927919, 1017127222),
(1011821597, 1906665686, 1579121708),
(1060770627, 1906665686, 1579121708),
(1152610238, 468082585, 756288502),
(1187544716, 12927919, 1017127222),
(1203129203, 1906665686, 756288502),
(1257274621, 468082585, 344200528),
(1264286105, 1906665686, 1579121708),
(1286613303, 468082585, 756288502),
(1324419886, 12927919, 1017127222),
(1336620818, 468082585, 344200528),
(1362118363, 1906665686, 1579121708),
(1466198533, 12927919, 1017127222),
(1515062193, 1906665686, 756288502),
(1521634016, 12927919, 1017127222),
(1562392714, 1906665686, 1579121708),
(1574658172, 468082585, 756288502),
(1603801158, 12927919, 344200528),
(1668881670, 468082585, 756288502),
(1710825129, 468082585, 756288502),
(1754486173, 468082585, 344200528),
(1764435409, 1906665686, 1579121708),
(1851015393, 468082585, 756288502),
(1866497165, 1906665686, 756288502),
(1992579734, 1906665686, 1579121708),
(1993474744, 1906665686, 1579121708),
(2031427734, 12927919, 1017127222);


--
-- Daten für Tabelle `job_contacts`
--

INSERT INTO `job_contacts` (`id`, `job_id`, `contact_id`) VALUES
(87889190, 769134351, 204090647),
(104612392, 133834026, 1053062640),
(134633603, 769134351, 204090647),
(135035287, 692535514, 1948779663),
(201197433, 133834026, 1053062640),
(217019923, 692535514, 1948779663),
(217928047, 2068920109, 307322685),
(340929217, 133834026, 1053062640),
(375800518, 133834026, 1053062640),
(410412489, 195766791, 204090647),
(481974285, 157640154, 204090647),
(541744011, 133834026, 204090647),
(545346351, 692535514, 204090647),
(562915083, 2068920109, 307322685),
(603091720, 122911147, 204090647),
(673661487, 12927919, 204090647),
(704795673, 692535514, 1948779663),
(739016025, 133834026, 1053062640),
(740443266, 133834026, 1053062640),
(819546923, 692535514, 1948779663),
(950678507, 133834026, 1053062640),
(979918360, 2068920109, 307322685),
(985797743, 2068920109, 307322685),
(1001736950, 692535514, 1948779663),
(1063800283, 692535514, 1948779663),
(1078930423, 133834026, 1053062640),
(1110196179, 2068920109, 307322685),
(1226847001, 2068920109, 307322685),
(1245383226, 133834026, 1053062640),
(1260199270, 692535514, 1948779663),
(1264847985, 692535514, 1948779663),
(1291191822, 133834026, 1053062640),
(1310349262, 692535514, 1948779663),
(1367417513, 2068920109, 307322685),
(1368548638, 133834026, 1053062640),
(1395417190, 133834026, 1053062640),
(1471109699, 692535514, 1948779663),
(1474769551, 2068920109, 307322685),
(1521841372, 769134351, 204090647),
(1527593933, 769134351, 204090647),
(1613103699, 769134351, 204090647),
(1659069071, 133834026, 1053062640),
(1660373639, 692535514, 1948779663),
(1664641632, 2068920109, 307322685),
(1670391360, 2068920109, 307322685),
(1740197528, 692535514, 1948779663),
(1779781481, 133834026, 1053062640),
(1791384910, 2068920109, 307322685),
(1984063022, 2068920109, 307322685),
(2029335199, 692535514, 1948779663);


--
-- Daten für Tabelle `applyBtn`
--

INSERT INTO `applyBtn` (`id`, `job_id`, `key`, `site`, `clickCount`, `viewCount`) VALUES
(1, 2014991364, 'Elizabet', 'www.npkh.com', 3547, 400),
(2, 2014991364, 'Basilia', 'www.gz.com', 3787, 4784),
(3, 2014991364, 'Yahaira', 'www.xwbp.com', 4262, 1567),
(4, 2014991364, 'Ettie', 'www.lf.com', 2811, 2731),
(5, 2014991364, 'Antonetta', 'www.mclvsgg.com', 704, 3293),
(6, 2014991364, 'Toby', 'www.tl.com', 1789, 818),
(7, 2014991364, 'Layla', 'www.a.com', 3039, 5826),
(8, 2014991364, 'Britt', 'www.eem.com', 261, 1002),
(9, 2014991364, 'Shasta', 'www.dh.com', 1661, 2271),
(10, 2014991364, 'Felisa', 'www.nrqhjmus.com', 4146, 4609),
(11, 2013673778, 'Celestina', 'www.jq.com', 4214, 4610),
(12, 2013673778, 'Meaghan', 'www.lzloqwxq.com', 2422, 3017),
(13, 2013673778, 'Lachelle', 'www.lqlo.com', 4217, 4478),
(14, 2013673778, 'Major', 'www.fpnfglo.com', 4713, 3146),
(15, 2013673778, 'Dick', 'www.qomjvnu.com', 1722, 894),
(16, 2013673778, 'Geraldo', 'www.oioiyiy.com', 1117, 2718),
(17, 2013673778, 'Elodia', 'www.cd.com', 835, 114),
(18, 2013673778, 'Georgina', 'www.ck.com', 2694, 4785),
(19, 2013673778, 'Lia', 'www.vxnwfh.com', 728, 3990),
(20, 2013673778, 'Spencer', 'www.sj.com', 3977, 3641),
(21, 1010264453, 'Wiley', 'www.liqfgcvf.com', 3255, 583),
(22, 1010264453, 'Tisha', 'www.zqfqgxv.com', 4127, 1105),
(23, 1010264453, 'Boyd', 'www.huojhrup.com', 808, 1525),
(24, 1010264453, 'Sybil', 'www.xk.com', 2408, 4372),
(25, 1010264453, 'Domitila', 'www.grvwtlg.com', 463, 4119),
(26, 1010264453, 'Enriqueta', 'www.dpf.com', 2389, 5982),
(27, 1010264453, 'Bla', 'www.kbanpw.com', 3486, 1050),
(28, 2069133971, 'Jada', 'www.w.com', 2006, 3470),
(29, 478690760, 'Cassandra', 'www.hfwnqonf.com', 3858, 3073),
(30, 2014991364, 'Sylvester', 'www.vywsj.com', 4138, 1929),
(31, 277442503, 'Tashina', 'www.mpckwidd.com', 1148, 2511),
(32, 277442503, 'Lean', 'www.kh.com', 2711, 1787),
(33, 2013673778, 'Marleen', 'www.nvjn.com', 381, 215),
(34, 400961504, 'Denisha', 'www.ywqeuvb.com', 1426, 1506),
(35, 400961504, 'Richelle', 'www.lwweavao.com', 2193, 2342),
(36, 400961504, 'Marcell', 'www.rfcfgx.com', 3704, 2197),
(37, 400961504, 'Le', 'www.jee.com', 1106, 4196),
(38, 400961504, 'Chantay', 'www.vs.com', 1313, 1858),
(39, 195766791, 'Pearle', 'www.vs.com', 326, 2572),
(40, 195766791, 'Bruce', 'www.mlo.com', 2740, 742),
(41, 195766791, 'Ngoc', 'www.wsu.com', 937, 4252),
(42, 195766791, 'Carlene', 'www.zizxp.com', 1144, 3060),
(43, 195766791, 'Octavia', 'www.qlh.com', 4434, 5140),
(44, 195766791, 'Kizzy', 'www.hvla.com', 731, 4055),
(45, 195766791, 'Bari', 'www.vcde.com', 3222, 435),
(46, 195766791, 'Birdie', 'www.fzuytanx.com', 3854, 2375),
(47, 195766791, 'Nydia', 'www.orooyf.com', 2714, 2280),
(48, 195766791, 'Cherie', 'www.ifl.com', 680, 4660),
(49, 195766791, 'Breanne', 'www.dsg.com', 2922, 4122),
(50, 195766791, 'Kalyn', 'www.when.com', 1918, 2015);


--
-- Daten für Tabelle `message`
--

INSERT INTO `message` (`id`, `subject`, `content`, `sender_id`, `receiver_id`, `sent_at`, `deleted`, `read`, `flow`) VALUES
(1, 'Es gibt im Moment in diese Mannschaft, oh, einige Spieler vergessen ihnen Profi was sie sind. Ich lese nicht sehr viele Zeitungen, aber ich habe gehört viele Situationen. Erstens: wir haben nicht offensiv gespielt. Es gibt keine deutsche Mannschaft.', 'Es gibt im Moment in diese Mannschaft, oh, einige Spieler vergessen ihnen Profi was sie sind. Ich lese nicht sehr viele Zeitungen, aber ich habe gehört viele Situationen. Erstens: wir haben nicht offensiv gespielt. Es gibt keine deutsche Mannschaft spielt offensiv und die Name offensiv wie Bayern. Letzte Spiel hatten wir in Platz drei Spitzen: Elber, Jancka und dann Zickler. Wir müssen nicht vergessen Zickler. Zickler ist eine Spitzen mehr, Mehmet eh mehr Basler. Ist klar diese Wörter, ist möglich verstehen, was ich hab gesagt? Danke. Offensiv, offensiv ist wie machen wir in Platz. Zweitens: ich habe erklärt mit diese zwei Spieler: nach Dortmund brauchen vielleicht Halbzeit Pause. Ich habe auch andere Mannschaften gesehen in Europa nach diese Mittwoch. Ich habe gesehen auch zwei Tage die Training. Ein Trainer ist nicht ein Idiot! Ein Trainer sei sehen was passieren in Platz. In diese Spiel es waren zwei, drei diese Spieler waren schwach wie eine Flasche leer! Haben Sie gesehen Mittwoch, welche Mannschaft hat gespielt Mittwoch? Hat gespielt Mehmet oder gespielt Basler oder hat gespielt Trapattoni? Diese Spieler beklagen mehr als sie spielen! Wissen Sie, warum die Italienmannschaften kaufen nicht diese Spieler? Weil wir haben gesehen viele Male solche Spiel! Haben gesagt sind nicht Spieler für die italienisch Meisters! Strunz! Strunz ist zwei Jahre hier, hat gespielt 10 Spiele, ist immer verletzt! Was erlauben Strunz? Letzte Jahre Meister Geworden mit Hamann, eh, Nerlinger. Diese Spieler waren Spieler! Waren Meister geworden! Ist immer verletzt! Hat gespielt 25 Spiele in diese Mannschaft', 204090647, 756288502, '2015-06-19 22:46:39', 1, 0, 0),
(2, 'Es gibt im Moment in diese Mannschaft, oh, einige Spieler vergessen ihnen Profi was sie sind. Ich lese nicht sehr viele Zeitungen, aber ich habe gehört viele Situationen. Erstens: wir haben nicht offensiv gespielt. Es gibt keine deutsche Mannschaft.', 'Es gibt im Moment in diese Mannschaft, oh, einige Spieler vergessen ihnen Profi was sie sind. Ich lese nicht sehr viele Zeitungen, aber ich habe gehört viele Situationen. Erstens: wir haben nicht offensiv gespielt. Es gibt keine deutsche Mannschaft spielt offensiv und die Name offensiv wie Bayern. Letzte Spiel hatten wir in Platz drei Spitzen: Elber, Jancka und dann Zickler. Wir müssen nicht vergessen Zickler. Zickler ist eine Spitzen mehr, Mehmet eh mehr Basler. Ist klar diese Wörter, ist möglich verstehen, was ich hab gesagt? Danke. Offensiv, offensiv ist wie machen wir in Platz. Zweitens: ich habe erklärt mit diese zwei Spieler: nach Dortmund brauchen vielleicht Halbzeit Pause. Ich habe auch andere Mannschaften gesehen in Europa nach diese Mittwoch. Ich habe gesehen auch zwei Tage die Training. Ein Trainer ist nicht ein Idiot! Ein Trainer sei sehen was passieren in Platz. In diese Spiel es waren zwei, drei diese Spieler waren schwach wie eine Flasche leer! Haben Sie gesehen Mittwoch, welche Mannschaft hat gespielt Mittwoch? Hat gespielt Mehmet oder gespielt Basler oder hat gespielt Trapattoni? Diese Spieler beklagen mehr als sie spielen! Wissen Sie, warum die Italienmannschaften kaufen nicht diese Spieler? Weil wir haben gesehen viele Male solche Spiel! Haben gesagt sind nicht Spieler für die italienisch Meisters! Strunz! Strunz ist zwei Jahre hier, hat gespielt 10 Spiele, ist immer verletzt! Was erlauben Strunz? Letzte Jahre Meister Geworden mit Hamann, eh, Nerlinger. Diese Spieler waren Spieler! Waren Meister geworden! Ist immer verletzt! Hat gespielt 25 Spiele in diese Mannschaft', 513545843, 204090647, '2015-06-19 22:46:39', 1, 1, 0),
(3, 'Es gibt im Moment in diese Mannschaft, oh, einige Spieler vergessen ihnen Profi was sie sind. Ich lese nicht sehr viele Zeitungen, aber ich habe gehört viele Situationen. Erstens: wir haben nicht offensiv gespielt. Es gibt keine deutsche Mannschaft.', 'Es gibt im Moment in diese Mannschaft, oh, einige Spieler vergessen ihnen Profi was sie sind. Ich lese nicht sehr viele Zeitungen, aber ich habe gehört viele Situationen. Erstens: wir haben nicht offensiv gespielt. Es gibt keine deutsche Mannschaft spielt offensiv und die Name offensiv wie Bayern. Letzte Spiel hatten wir in Platz drei Spitzen: Elber, Jancka und dann Zickler. Wir müssen nicht vergessen Zickler. Zickler ist eine Spitzen mehr, Mehmet eh mehr Basler. Ist klar diese Wörter, ist möglich verstehen, was ich hab gesagt? Danke. Offensiv, offensiv ist wie machen wir in Platz. Zweitens: ich habe erklärt mit diese zwei Spieler: nach Dortmund brauchen vielleicht Halbzeit Pause. Ich habe auch andere Mannschaften gesehen in Europa nach diese Mittwoch. Ich habe gesehen auch zwei Tage die Training. Ein Trainer ist nicht ein Idiot! Ein Trainer sei sehen was passieren in Platz. In diese Spiel es waren zwei, drei diese Spieler waren schwach wie eine Flasche leer! Haben Sie gesehen Mittwoch, welche Mannschaft hat gespielt Mittwoch? Hat gespielt Mehmet oder gespielt Basler oder hat gespielt Trapattoni? Diese Spieler beklagen mehr als sie spielen! Wissen Sie, warum die Italienmannschaften kaufen nicht diese Spieler? Weil wir haben gesehen viele Male solche Spiel! Haben gesagt sind nicht Spieler für die italienisch Meisters! Strunz! Strunz ist zwei Jahre hier, hat gespielt 10 Spiele, ist immer verletzt! Was erlauben Strunz? Letzte Jahre Meister Geworden mit Hamann, eh, Nerlinger. Diese Spieler waren Spieler! Waren Meister geworden! Ist immer verletzt! Hat gespielt 25 Spiele in diese Mannschaft', 513545843, 204090647, '2015-06-19 22:46:39', 0, 1, 0),
(4, 'Es gibt im Moment in diese Mannschaft, oh, einige Spieler vergessen ihnen Profi was sie sind. Ich lese nicht sehr viele Zeitungen, aber ich habe gehört viele Situationen. Erstens: wir haben nicht offensiv gespielt. Es gibt keine deutsche Mannschaft.', 'Es gibt im Moment in diese Mannschaft, oh, einige Spieler vergessen ihnen Profi was sie sind. Ich lese nicht sehr viele Zeitungen, aber ich habe gehört viele Situationen. Erstens: wir haben nicht offensiv gespielt. Es gibt keine deutsche Mannschaft spielt offensiv und die Name offensiv wie Bayern. Letzte Spiel hatten wir in Platz drei Spitzen: Elber, Jancka und dann Zickler. Wir müssen nicht vergessen Zickler. Zickler ist eine Spitzen mehr, Mehmet eh mehr Basler. Ist klar diese Wörter, ist möglich verstehen, was ich hab gesagt? Danke. Offensiv, offensiv ist wie machen wir in Platz. Zweitens: ich habe erklärt mit diese zwei Spieler: nach Dortmund brauchen vielleicht Halbzeit Pause. Ich habe auch andere Mannschaften gesehen in Europa nach diese Mittwoch. Ich habe gesehen auch zwei Tage die Training. Ein Trainer ist nicht ein Idiot! Ein Trainer sei sehen was passieren in Platz. In diese Spiel es waren zwei, drei diese Spieler waren schwach wie eine Flasche leer! Haben Sie gesehen Mittwoch, welche Mannschaft hat gespielt Mittwoch? Hat gespielt Mehmet oder gespielt Basler oder hat gespielt Trapattoni? Diese Spieler beklagen mehr als sie spielen! Wissen Sie, warum die Italienmannschaften kaufen nicht diese Spieler? Weil wir haben gesehen viele Male solche Spiel! Haben gesagt sind nicht Spieler für die italienisch Meisters! Strunz! Strunz ist zwei Jahre hier, hat gespielt 10 Spiele, ist immer verletzt! Was erlauben Strunz? Letzte Jahre Meister Geworden mit Hamann, eh, Nerlinger. Diese Spieler waren Spieler! Waren Meister geworden! Ist immer verletzt! Hat gespielt 25 Spiele in diese Mannschaft', 204090647, 756288502, '2015-06-19 22:46:39', 0, 0, 0),
(5, 'Es gibt im Moment in diese Mannschaft, oh, einige Spieler vergessen ihnen Profi was sie sind. Ich lese nicht sehr viele Zeitungen, aber ich habe gehört viele Situationen. Erstens: wir haben nicht offensiv gespielt. Es gibt keine deutsche Mannschaft.', 'Es gibt im Moment in diese Mannschaft, oh, einige Spieler vergessen ihnen Profi was sie sind. Ich lese nicht sehr viele Zeitungen, aber ich habe gehört viele Situationen. Erstens: wir haben nicht offensiv gespielt. Es gibt keine deutsche Mannschaft spielt offensiv und die Name offensiv wie Bayern. Letzte Spiel hatten wir in Platz drei Spitzen: Elber, Jancka und dann Zickler. Wir müssen nicht vergessen Zickler. Zickler ist eine Spitzen mehr, Mehmet eh mehr Basler. Ist klar diese Wörter, ist möglich verstehen, was ich hab gesagt? Danke. Offensiv, offensiv ist wie machen wir in Platz. Zweitens: ich habe erklärt mit diese zwei Spieler: nach Dortmund brauchen vielleicht Halbzeit Pause. Ich habe auch andere Mannschaften gesehen in Europa nach diese Mittwoch. Ich habe gesehen auch zwei Tage die Training. Ein Trainer ist nicht ein Idiot! Ein Trainer sei sehen was passieren in Platz. In diese Spiel es waren zwei, drei diese Spieler waren schwach wie eine Flasche leer! Haben Sie gesehen Mittwoch, welche Mannschaft hat gespielt Mittwoch? Hat gespielt Mehmet oder gespielt Basler oder hat gespielt Trapattoni? Diese Spieler beklagen mehr als sie spielen! Wissen Sie, warum die Italienmannschaften kaufen nicht diese Spieler? Weil wir haben gesehen viele Male solche Spiel! Haben gesagt sind nicht Spieler für die italienisch Meisters! Strunz! Strunz ist zwei Jahre hier, hat gespielt 10 Spiele, ist immer verletzt! Was erlauben Strunz? Letzte Jahre Meister Geworden mit Hamann, eh, Nerlinger. Diese Spieler waren Spieler! Waren Meister geworden! Ist immer verletzt! Hat gespielt 25 Spiele in diese Mannschaft', 204090647, 756288502, '2015-06-19 22:46:39', 1, 1, 0),
(6, 'Es gibt im Moment in diese Mannschaft, oh, einige Spieler vergessen ihnen Profi was sie sind. Ich lese nicht sehr viele Zeitungen, aber ich habe gehört viele Situationen. Erstens: wir haben nicht offensiv gespielt. Es gibt keine deutsche Mannschaft.', 'Es gibt im Moment in diese Mannschaft, oh, einige Spieler vergessen ihnen Profi was sie sind. Ich lese nicht sehr viele Zeitungen, aber ich habe gehört viele Situationen. Erstens: wir haben nicht offensiv gespielt. Es gibt keine deutsche Mannschaft spielt offensiv und die Name offensiv wie Bayern. Letzte Spiel hatten wir in Platz drei Spitzen: Elber, Jancka und dann Zickler. Wir müssen nicht vergessen Zickler. Zickler ist eine Spitzen mehr, Mehmet eh mehr Basler. Ist klar diese Wörter, ist möglich verstehen, was ich hab gesagt? Danke. Offensiv, offensiv ist wie machen wir in Platz. Zweitens: ich habe erklärt mit diese zwei Spieler: nach Dortmund brauchen vielleicht Halbzeit Pause. Ich habe auch andere Mannschaften gesehen in Europa nach diese Mittwoch. Ich habe gesehen auch zwei Tage die Training. Ein Trainer ist nicht ein Idiot! Ein Trainer sei sehen was passieren in Platz. In diese Spiel es waren zwei, drei diese Spieler waren schwach wie eine Flasche leer! Haben Sie gesehen Mittwoch, welche Mannschaft hat gespielt Mittwoch? Hat gespielt Mehmet oder gespielt Basler oder hat gespielt Trapattoni? Diese Spieler beklagen mehr als sie spielen! Wissen Sie, warum die Italienmannschaften kaufen nicht diese Spieler? Weil wir haben gesehen viele Male solche Spiel! Haben gesagt sind nicht Spieler für die italienisch Meisters! Strunz! Strunz ist zwei Jahre hier, hat gespielt 10 Spiele, ist immer verletzt! Was erlauben Strunz? Letzte Jahre Meister Geworden mit Hamann, eh, Nerlinger. Diese Spieler waren Spieler! Waren Meister geworden! Ist immer verletzt! Hat gespielt 25 Spiele in diese Mannschaft', 513545843, 204090647, '2015-06-19 22:46:39', 1, 1, 0),
(7, 'Es gibt im Moment in diese Mannschaft, oh, einige Spieler vergessen ihnen Profi was sie sind. Ich lese nicht sehr viele Zeitungen, aber ich habe gehört viele Situationen. Erstens: wir haben nicht offensiv gespielt. Es gibt keine deutsche Mannschaft.', 'Es gibt im Moment in diese Mannschaft, oh, einige Spieler vergessen ihnen Profi was sie sind. Ich lese nicht sehr viele Zeitungen, aber ich habe gehört viele Situationen. Erstens: wir haben nicht offensiv gespielt. Es gibt keine deutsche Mannschaft spielt offensiv und die Name offensiv wie Bayern. Letzte Spiel hatten wir in Platz drei Spitzen: Elber, Jancka und dann Zickler. Wir müssen nicht vergessen Zickler. Zickler ist eine Spitzen mehr, Mehmet eh mehr Basler. Ist klar diese Wörter, ist möglich verstehen, was ich hab gesagt? Danke. Offensiv, offensiv ist wie machen wir in Platz. Zweitens: ich habe erklärt mit diese zwei Spieler: nach Dortmund brauchen vielleicht Halbzeit Pause. Ich habe auch andere Mannschaften gesehen in Europa nach diese Mittwoch. Ich habe gesehen auch zwei Tage die Training. Ein Trainer ist nicht ein Idiot! Ein Trainer sei sehen was passieren in Platz. In diese Spiel es waren zwei, drei diese Spieler waren schwach wie eine Flasche leer! Haben Sie gesehen Mittwoch, welche Mannschaft hat gespielt Mittwoch? Hat gespielt Mehmet oder gespielt Basler oder hat gespielt Trapattoni? Diese Spieler beklagen mehr als sie spielen! Wissen Sie, warum die Italienmannschaften kaufen nicht diese Spieler? Weil wir haben gesehen viele Male solche Spiel! Haben gesagt sind nicht Spieler für die italienisch Meisters! Strunz! Strunz ist zwei Jahre hier, hat gespielt 10 Spiele, ist immer verletzt! Was erlauben Strunz? Letzte Jahre Meister Geworden mit Hamann, eh, Nerlinger. Diese Spieler waren Spieler! Waren Meister geworden! Ist immer verletzt! Hat gespielt 25 Spiele in diese Mannschaft', 513545843, 756288502, '2015-06-19 22:46:39', 0, 1, 0),
(8, 'Es gibt im Moment in diese Mannschaft, oh, einige Spieler vergessen ihnen Profi was sie sind. Ich lese nicht sehr viele Zeitungen, aber ich habe gehört viele Situationen. Erstens: wir haben nicht offensiv gespielt. Es gibt keine deutsche Mannschaft.', 'Es gibt im Moment in diese Mannschaft, oh, einige Spieler vergessen ihnen Profi was sie sind. Ich lese nicht sehr viele Zeitungen, aber ich habe gehört viele Situationen. Erstens: wir haben nicht offensiv gespielt. Es gibt keine deutsche Mannschaft spielt offensiv und die Name offensiv wie Bayern. Letzte Spiel hatten wir in Platz drei Spitzen: Elber, Jancka und dann Zickler. Wir müssen nicht vergessen Zickler. Zickler ist eine Spitzen mehr, Mehmet eh mehr Basler. Ist klar diese Wörter, ist möglich verstehen, was ich hab gesagt? Danke. Offensiv, offensiv ist wie machen wir in Platz. Zweitens: ich habe erklärt mit diese zwei Spieler: nach Dortmund brauchen vielleicht Halbzeit Pause. Ich habe auch andere Mannschaften gesehen in Europa nach diese Mittwoch. Ich habe gesehen auch zwei Tage die Training. Ein Trainer ist nicht ein Idiot! Ein Trainer sei sehen was passieren in Platz. In diese Spiel es waren zwei, drei diese Spieler waren schwach wie eine Flasche leer! Haben Sie gesehen Mittwoch, welche Mannschaft hat gespielt Mittwoch? Hat gespielt Mehmet oder gespielt Basler oder hat gespielt Trapattoni? Diese Spieler beklagen mehr als sie spielen! Wissen Sie, warum die Italienmannschaften kaufen nicht diese Spieler? Weil wir haben gesehen viele Male solche Spiel! Haben gesagt sind nicht Spieler für die italienisch Meisters! Strunz! Strunz ist zwei Jahre hier, hat gespielt 10 Spiele, ist immer verletzt! Was erlauben Strunz? Letzte Jahre Meister Geworden mit Hamann, eh, Nerlinger. Diese Spieler waren Spieler! Waren Meister geworden! Ist immer verletzt! Hat gespielt 25 Spiele in diese Mannschaft', 513545843, 756288502, '2015-06-19 22:46:39', 0, 0, 0),
(9, 'Es gibt im Moment in diese Mannschaft, oh, einige Spieler vergessen ihnen Profi was sie sind. Ich lese nicht sehr viele Zeitungen, aber ich habe gehört viele Situationen. Erstens: wir haben nicht offensiv gespielt. Es gibt keine deutsche Mannschaft.', 'Es gibt im Moment in diese Mannschaft, oh, einige Spieler vergessen ihnen Profi was sie sind. Ich lese nicht sehr viele Zeitungen, aber ich habe gehört viele Situationen. Erstens: wir haben nicht offensiv gespielt. Es gibt keine deutsche Mannschaft spielt offensiv und die Name offensiv wie Bayern. Letzte Spiel hatten wir in Platz drei Spitzen: Elber, Jancka und dann Zickler. Wir müssen nicht vergessen Zickler. Zickler ist eine Spitzen mehr, Mehmet eh mehr Basler. Ist klar diese Wörter, ist möglich verstehen, was ich hab gesagt? Danke. Offensiv, offensiv ist wie machen wir in Platz. Zweitens: ich habe erklärt mit diese zwei Spieler: nach Dortmund brauchen vielleicht Halbzeit Pause. Ich habe auch andere Mannschaften gesehen in Europa nach diese Mittwoch. Ich habe gesehen auch zwei Tage die Training. Ein Trainer ist nicht ein Idiot! Ein Trainer sei sehen was passieren in Platz. In diese Spiel es waren zwei, drei diese Spieler waren schwach wie eine Flasche leer! Haben Sie gesehen Mittwoch, welche Mannschaft hat gespielt Mittwoch? Hat gespielt Mehmet oder gespielt Basler oder hat gespielt Trapattoni? Diese Spieler beklagen mehr als sie spielen! Wissen Sie, warum die Italienmannschaften kaufen nicht diese Spieler? Weil wir haben gesehen viele Male solche Spiel! Haben gesagt sind nicht Spieler für die italienisch Meisters! Strunz! Strunz ist zwei Jahre hier, hat gespielt 10 Spiele, ist immer verletzt! Was erlauben Strunz? Letzte Jahre Meister Geworden mit Hamann, eh, Nerlinger. Diese Spieler waren Spieler! Waren Meister geworden! Ist immer verletzt! Hat gespielt 25 Spiele in diese Mannschaft', 513545843, 756288502, '2015-06-19 22:46:39', 1, 0, 0),
(10, 'Es gibt im Moment in diese Mannschaft, oh, einige Spieler vergessen ihnen Profi was sie sind. Ich lese nicht sehr viele Zeitungen, aber ich habe gehört viele Situationen. Erstens: wir haben nicht offensiv gespielt. Es gibt keine deutsche Mannschaft.', 'Es gibt im Moment in diese Mannschaft, oh, einige Spieler vergessen ihnen Profi was sie sind. Ich lese nicht sehr viele Zeitungen, aber ich habe gehört viele Situationen. Erstens: wir haben nicht offensiv gespielt. Es gibt keine deutsche Mannschaft spielt offensiv und die Name offensiv wie Bayern. Letzte Spiel hatten wir in Platz drei Spitzen: Elber, Jancka und dann Zickler. Wir müssen nicht vergessen Zickler. Zickler ist eine Spitzen mehr, Mehmet eh mehr Basler. Ist klar diese Wörter, ist möglich verstehen, was ich hab gesagt? Danke. Offensiv, offensiv ist wie machen wir in Platz. Zweitens: ich habe erklärt mit diese zwei Spieler: nach Dortmund brauchen vielleicht Halbzeit Pause. Ich habe auch andere Mannschaften gesehen in Europa nach diese Mittwoch. Ich habe gesehen auch zwei Tage die Training. Ein Trainer ist nicht ein Idiot! Ein Trainer sei sehen was passieren in Platz. In diese Spiel es waren zwei, drei diese Spieler waren schwach wie eine Flasche leer! Haben Sie gesehen Mittwoch, welche Mannschaft hat gespielt Mittwoch? Hat gespielt Mehmet oder gespielt Basler oder hat gespielt Trapattoni? Diese Spieler beklagen mehr als sie spielen! Wissen Sie, warum die Italienmannschaften kaufen nicht diese Spieler? Weil wir haben gesehen viele Male solche Spiel! Haben gesagt sind nicht Spieler für die italienisch Meisters! Strunz! Strunz ist zwei Jahre hier, hat gespielt 10 Spiele, ist immer verletzt! Was erlauben Strunz? Letzte Jahre Meister Geworden mit Hamann, eh, Nerlinger. Diese Spieler waren Spieler! Waren Meister geworden! Ist immer verletzt! Hat gespielt 25 Spiele in diese Mannschaft', 513545843, 756288502, '2015-06-19 22:46:39', 1, 0, 0),
(11, 'Es gibt im Moment in diese Mannschaft, oh, einige Spieler vergessen ihnen Profi was sie sind. Ich lese nicht sehr viele Zeitungen, aber ich habe gehört viele Situationen. Erstens: wir haben nicht offensiv gespielt. Es gibt keine deutsche Mannschaft.', 'Es gibt im Moment in diese Mannschaft, oh, einige Spieler vergessen ihnen Profi was sie sind. Ich lese nicht sehr viele Zeitungen, aber ich habe gehört viele Situationen. Erstens: wir haben nicht offensiv gespielt. Es gibt keine deutsche Mannschaft spielt offensiv und die Name offensiv wie Bayern. Letzte Spiel hatten wir in Platz drei Spitzen: Elber, Jancka und dann Zickler. Wir müssen nicht vergessen Zickler. Zickler ist eine Spitzen mehr, Mehmet eh mehr Basler. Ist klar diese Wörter, ist möglich verstehen, was ich hab gesagt? Danke. Offensiv, offensiv ist wie machen wir in Platz. Zweitens: ich habe erklärt mit diese zwei Spieler: nach Dortmund brauchen vielleicht Halbzeit Pause. Ich habe auch andere Mannschaften gesehen in Europa nach diese Mittwoch. Ich habe gesehen auch zwei Tage die Training. Ein Trainer ist nicht ein Idiot! Ein Trainer sei sehen was passieren in Platz. In diese Spiel es waren zwei, drei diese Spieler waren schwach wie eine Flasche leer! Haben Sie gesehen Mittwoch, welche Mannschaft hat gespielt Mittwoch? Hat gespielt Mehmet oder gespielt Basler oder hat gespielt Trapattoni? Diese Spieler beklagen mehr als sie spielen! Wissen Sie, warum die Italienmannschaften kaufen nicht diese Spieler? Weil wir haben gesehen viele Male solche Spiel! Haben gesagt sind nicht Spieler für die italienisch Meisters! Strunz! Strunz ist zwei Jahre hier, hat gespielt 10 Spiele, ist immer verletzt! Was erlauben Strunz? Letzte Jahre Meister Geworden mit Hamann, eh, Nerlinger. Diese Spieler waren Spieler! Waren Meister geworden! Ist immer verletzt! Hat gespielt 25 Spiele in diese Mannschaft', 513545843, 756288502, '2015-06-19 22:46:39', 1, 0, 0),
(12, 'Es gibt im Moment in diese Mannschaft, oh, einige Spieler vergessen ihnen Profi was sie sind. Ich lese nicht sehr viele Zeitungen, aber ich habe gehört viele Situationen. Erstens: wir haben nicht offensiv gespielt. Es gibt keine deutsche Mannschaft.', 'Es gibt im Moment in diese Mannschaft, oh, einige Spieler vergessen ihnen Profi was sie sind. Ich lese nicht sehr viele Zeitungen, aber ich habe gehört viele Situationen. Erstens: wir haben nicht offensiv gespielt. Es gibt keine deutsche Mannschaft spielt offensiv und die Name offensiv wie Bayern. Letzte Spiel hatten wir in Platz drei Spitzen: Elber, Jancka und dann Zickler. Wir müssen nicht vergessen Zickler. Zickler ist eine Spitzen mehr, Mehmet eh mehr Basler. Ist klar diese Wörter, ist möglich verstehen, was ich hab gesagt? Danke. Offensiv, offensiv ist wie machen wir in Platz. Zweitens: ich habe erklärt mit diese zwei Spieler: nach Dortmund brauchen vielleicht Halbzeit Pause. Ich habe auch andere Mannschaften gesehen in Europa nach diese Mittwoch. Ich habe gesehen auch zwei Tage die Training. Ein Trainer ist nicht ein Idiot! Ein Trainer sei sehen was passieren in Platz. In diese Spiel es waren zwei, drei diese Spieler waren schwach wie eine Flasche leer! Haben Sie gesehen Mittwoch, welche Mannschaft hat gespielt Mittwoch? Hat gespielt Mehmet oder gespielt Basler oder hat gespielt Trapattoni? Diese Spieler beklagen mehr als sie spielen! Wissen Sie, warum die Italienmannschaften kaufen nicht diese Spieler? Weil wir haben gesehen viele Male solche Spiel! Haben gesagt sind nicht Spieler für die italienisch Meisters! Strunz! Strunz ist zwei Jahre hier, hat gespielt 10 Spiele, ist immer verletzt! Was erlauben Strunz? Letzte Jahre Meister Geworden mit Hamann, eh, Nerlinger. Diese Spieler waren Spieler! Waren Meister geworden! Ist immer verletzt! Hat gespielt 25 Spiele in diese Mannschaft', 292949400, 756288502, '2015-06-19 22:46:39', 1, 0, 0),
(13, 'Es gibt im Moment in diese Mannschaft, oh, einige Spieler vergessen ihnen Profi was sie sind. Ich lese nicht sehr viele Zeitungen, aber ich habe gehört viele Situationen. Erstens: wir haben nicht offensiv gespielt. Es gibt keine deutsche Mannschaft.', 'Es gibt im Moment in diese Mannschaft, oh, einige Spieler vergessen ihnen Profi was sie sind. Ich lese nicht sehr viele Zeitungen, aber ich habe gehört viele Situationen. Erstens: wir haben nicht offensiv gespielt. Es gibt keine deutsche Mannschaft spielt offensiv und die Name offensiv wie Bayern. Letzte Spiel hatten wir in Platz drei Spitzen: Elber, Jancka und dann Zickler. Wir müssen nicht vergessen Zickler. Zickler ist eine Spitzen mehr, Mehmet eh mehr Basler. Ist klar diese Wörter, ist möglich verstehen, was ich hab gesagt? Danke. Offensiv, offensiv ist wie machen wir in Platz. Zweitens: ich habe erklärt mit diese zwei Spieler: nach Dortmund brauchen vielleicht Halbzeit Pause. Ich habe auch andere Mannschaften gesehen in Europa nach diese Mittwoch. Ich habe gesehen auch zwei Tage die Training. Ein Trainer ist nicht ein Idiot! Ein Trainer sei sehen was passieren in Platz. In diese Spiel es waren zwei, drei diese Spieler waren schwach wie eine Flasche leer! Haben Sie gesehen Mittwoch, welche Mannschaft hat gespielt Mittwoch? Hat gespielt Mehmet oder gespielt Basler oder hat gespielt Trapattoni? Diese Spieler beklagen mehr als sie spielen! Wissen Sie, warum die Italienmannschaften kaufen nicht diese Spieler? Weil wir haben gesehen viele Male solche Spiel! Haben gesagt sind nicht Spieler für die italienisch Meisters! Strunz! Strunz ist zwei Jahre hier, hat gespielt 10 Spiele, ist immer verletzt! Was erlauben Strunz? Letzte Jahre Meister Geworden mit Hamann, eh, Nerlinger. Diese Spieler waren Spieler! Waren Meister geworden! Ist immer verletzt! Hat gespielt 25 Spiele in diese Mannschaft', 292949400, 756288502, '2015-06-19 22:46:39', 0, 0, 0),
(14, 'Es gibt im Moment in diese Mannschaft, oh, einige Spieler vergessen ihnen Profi was sie sind. Ich lese nicht sehr viele Zeitungen, aber ich habe gehört viele Situationen. Erstens: wir haben nicht offensiv gespielt. Es gibt keine deutsche Mannschaft.', 'Es gibt im Moment in diese Mannschaft, oh, einige Spieler vergessen ihnen Profi was sie sind. Ich lese nicht sehr viele Zeitungen, aber ich habe gehört viele Situationen. Erstens: wir haben nicht offensiv gespielt. Es gibt keine deutsche Mannschaft spielt offensiv und die Name offensiv wie Bayern. Letzte Spiel hatten wir in Platz drei Spitzen: Elber, Jancka und dann Zickler. Wir müssen nicht vergessen Zickler. Zickler ist eine Spitzen mehr, Mehmet eh mehr Basler. Ist klar diese Wörter, ist möglich verstehen, was ich hab gesagt? Danke. Offensiv, offensiv ist wie machen wir in Platz. Zweitens: ich habe erklärt mit diese zwei Spieler: nach Dortmund brauchen vielleicht Halbzeit Pause. Ich habe auch andere Mannschaften gesehen in Europa nach diese Mittwoch. Ich habe gesehen auch zwei Tage die Training. Ein Trainer ist nicht ein Idiot! Ein Trainer sei sehen was passieren in Platz. In diese Spiel es waren zwei, drei diese Spieler waren schwach wie eine Flasche leer! Haben Sie gesehen Mittwoch, welche Mannschaft hat gespielt Mittwoch? Hat gespielt Mehmet oder gespielt Basler oder hat gespielt Trapattoni? Diese Spieler beklagen mehr als sie spielen! Wissen Sie, warum die Italienmannschaften kaufen nicht diese Spieler? Weil wir haben gesehen viele Male solche Spiel! Haben gesagt sind nicht Spieler für die italienisch Meisters! Strunz! Strunz ist zwei Jahre hier, hat gespielt 10 Spiele, ist immer verletzt! Was erlauben Strunz? Letzte Jahre Meister Geworden mit Hamann, eh, Nerlinger. Diese Spieler waren Spieler! Waren Meister geworden! Ist immer verletzt! Hat gespielt 25 Spiele in diese Mannschaft', 292949400, 54137051, '2015-06-19 22:46:39', 1, 1, 0),
(15, 'Es gibt im Moment in diese Mannschaft, oh, einige Spieler vergessen ihnen Profi was sie sind. Ich lese nicht sehr viele Zeitungen, aber ich habe gehört viele Situationen. Erstens: wir haben nicht offensiv gespielt. Es gibt keine deutsche Mannschaft.', 'Es gibt im Moment in diese Mannschaft, oh, einige Spieler vergessen ihnen Profi was sie sind. Ich lese nicht sehr viele Zeitungen, aber ich habe gehört viele Situationen. Erstens: wir haben nicht offensiv gespielt. Es gibt keine deutsche Mannschaft spielt offensiv und die Name offensiv wie Bayern. Letzte Spiel hatten wir in Platz drei Spitzen: Elber, Jancka und dann Zickler. Wir müssen nicht vergessen Zickler. Zickler ist eine Spitzen mehr, Mehmet eh mehr Basler. Ist klar diese Wörter, ist möglich verstehen, was ich hab gesagt? Danke. Offensiv, offensiv ist wie machen wir in Platz. Zweitens: ich habe erklärt mit diese zwei Spieler: nach Dortmund brauchen vielleicht Halbzeit Pause. Ich habe auch andere Mannschaften gesehen in Europa nach diese Mittwoch. Ich habe gesehen auch zwei Tage die Training. Ein Trainer ist nicht ein Idiot! Ein Trainer sei sehen was passieren in Platz. In diese Spiel es waren zwei, drei diese Spieler waren schwach wie eine Flasche leer! Haben Sie gesehen Mittwoch, welche Mannschaft hat gespielt Mittwoch? Hat gespielt Mehmet oder gespielt Basler oder hat gespielt Trapattoni? Diese Spieler beklagen mehr als sie spielen! Wissen Sie, warum die Italienmannschaften kaufen nicht diese Spieler? Weil wir haben gesehen viele Male solche Spiel! Haben gesagt sind nicht Spieler für die italienisch Meisters! Strunz! Strunz ist zwei Jahre hier, hat gespielt 10 Spiele, ist immer verletzt! Was erlauben Strunz? Letzte Jahre Meister Geworden mit Hamann, eh, Nerlinger. Diese Spieler waren Spieler! Waren Meister geworden! Ist immer verletzt! Hat gespielt 25 Spiele in diese Mannschaft', 292949400, 54137051, '2015-06-19 22:46:39', 0, 1, 0),
(16, 'Es gibt im Moment in diese Mannschaft, oh, einige Spieler vergessen ihnen Profi was sie sind. Ich lese nicht sehr viele Zeitungen, aber ich habe gehört viele Situationen. Erstens: wir haben nicht offensiv gespielt. Es gibt keine deutsche Mannschaft.', 'Es gibt im Moment in diese Mannschaft, oh, einige Spieler vergessen ihnen Profi was sie sind. Ich lese nicht sehr viele Zeitungen, aber ich habe gehört viele Situationen. Erstens: wir haben nicht offensiv gespielt. Es gibt keine deutsche Mannschaft spielt offensiv und die Name offensiv wie Bayern. Letzte Spiel hatten wir in Platz drei Spitzen: Elber, Jancka und dann Zickler. Wir müssen nicht vergessen Zickler. Zickler ist eine Spitzen mehr, Mehmet eh mehr Basler. Ist klar diese Wörter, ist möglich verstehen, was ich hab gesagt? Danke. Offensiv, offensiv ist wie machen wir in Platz. Zweitens: ich habe erklärt mit diese zwei Spieler: nach Dortmund brauchen vielleicht Halbzeit Pause. Ich habe auch andere Mannschaften gesehen in Europa nach diese Mittwoch. Ich habe gesehen auch zwei Tage die Training. Ein Trainer ist nicht ein Idiot! Ein Trainer sei sehen was passieren in Platz. In diese Spiel es waren zwei, drei diese Spieler waren schwach wie eine Flasche leer! Haben Sie gesehen Mittwoch, welche Mannschaft hat gespielt Mittwoch? Hat gespielt Mehmet oder gespielt Basler oder hat gespielt Trapattoni? Diese Spieler beklagen mehr als sie spielen! Wissen Sie, warum die Italienmannschaften kaufen nicht diese Spieler? Weil wir haben gesehen viele Male solche Spiel! Haben gesagt sind nicht Spieler für die italienisch Meisters! Strunz! Strunz ist zwei Jahre hier, hat gespielt 10 Spiele, ist immer verletzt! Was erlauben Strunz? Letzte Jahre Meister Geworden mit Hamann, eh, Nerlinger. Diese Spieler waren Spieler! Waren Meister geworden! Ist immer verletzt! Hat gespielt 25 Spiele in diese Mannschaft', 292949400, 54137051, '2015-06-19 22:46:39', 0, 1, 0),
(17, 'Es gibt im Moment in diese Mannschaft, oh, einige Spieler vergessen ihnen Profi was sie sind. Ich lese nicht sehr viele Zeitungen, aber ich habe gehört viele Situationen. Erstens: wir haben nicht offensiv gespielt. Es gibt keine deutsche Mannschaft.', 'Es gibt im Moment in diese Mannschaft, oh, einige Spieler vergessen ihnen Profi was sie sind. Ich lese nicht sehr viele Zeitungen, aber ich habe gehört viele Situationen. Erstens: wir haben nicht offensiv gespielt. Es gibt keine deutsche Mannschaft spielt offensiv und die Name offensiv wie Bayern. Letzte Spiel hatten wir in Platz drei Spitzen: Elber, Jancka und dann Zickler. Wir müssen nicht vergessen Zickler. Zickler ist eine Spitzen mehr, Mehmet eh mehr Basler. Ist klar diese Wörter, ist möglich verstehen, was ich hab gesagt? Danke. Offensiv, offensiv ist wie machen wir in Platz. Zweitens: ich habe erklärt mit diese zwei Spieler: nach Dortmund brauchen vielleicht Halbzeit Pause. Ich habe auch andere Mannschaften gesehen in Europa nach diese Mittwoch. Ich habe gesehen auch zwei Tage die Training. Ein Trainer ist nicht ein Idiot! Ein Trainer sei sehen was passieren in Platz. In diese Spiel es waren zwei, drei diese Spieler waren schwach wie eine Flasche leer! Haben Sie gesehen Mittwoch, welche Mannschaft hat gespielt Mittwoch? Hat gespielt Mehmet oder gespielt Basler oder hat gespielt Trapattoni? Diese Spieler beklagen mehr als sie spielen! Wissen Sie, warum die Italienmannschaften kaufen nicht diese Spieler? Weil wir haben gesehen viele Male solche Spiel! Haben gesagt sind nicht Spieler für die italienisch Meisters! Strunz! Strunz ist zwei Jahre hier, hat gespielt 10 Spiele, ist immer verletzt! Was erlauben Strunz? Letzte Jahre Meister Geworden mit Hamann, eh, Nerlinger. Diese Spieler waren Spieler! Waren Meister geworden! Ist immer verletzt! Hat gespielt 25 Spiele in diese Mannschaft', 292949400, 54137051, '2015-06-19 22:46:40', 0, 1, 0),
(18, 'Es gibt im Moment in diese Mannschaft, oh, einige Spieler vergessen ihnen Profi was sie sind. Ich lese nicht sehr viele Zeitungen, aber ich habe gehört viele Situationen. Erstens: wir haben nicht offensiv gespielt. Es gibt keine deutsche Mannschaft.', 'Es gibt im Moment in diese Mannschaft, oh, einige Spieler vergessen ihnen Profi was sie sind. Ich lese nicht sehr viele Zeitungen, aber ich habe gehört viele Situationen. Erstens: wir haben nicht offensiv gespielt. Es gibt keine deutsche Mannschaft spielt offensiv und die Name offensiv wie Bayern. Letzte Spiel hatten wir in Platz drei Spitzen: Elber, Jancka und dann Zickler. Wir müssen nicht vergessen Zickler. Zickler ist eine Spitzen mehr, Mehmet eh mehr Basler. Ist klar diese Wörter, ist möglich verstehen, was ich hab gesagt? Danke. Offensiv, offensiv ist wie machen wir in Platz. Zweitens: ich habe erklärt mit diese zwei Spieler: nach Dortmund brauchen vielleicht Halbzeit Pause. Ich habe auch andere Mannschaften gesehen in Europa nach diese Mittwoch. Ich habe gesehen auch zwei Tage die Training. Ein Trainer ist nicht ein Idiot! Ein Trainer sei sehen was passieren in Platz. In diese Spiel es waren zwei, drei diese Spieler waren schwach wie eine Flasche leer! Haben Sie gesehen Mittwoch, welche Mannschaft hat gespielt Mittwoch? Hat gespielt Mehmet oder gespielt Basler oder hat gespielt Trapattoni? Diese Spieler beklagen mehr als sie spielen! Wissen Sie, warum die Italienmannschaften kaufen nicht diese Spieler? Weil wir haben gesehen viele Male solche Spiel! Haben gesagt sind nicht Spieler für die italienisch Meisters! Strunz! Strunz ist zwei Jahre hier, hat gespielt 10 Spiele, ist immer verletzt! Was erlauben Strunz? Letzte Jahre Meister Geworden mit Hamann, eh, Nerlinger. Diese Spieler waren Spieler! Waren Meister geworden! Ist immer verletzt! Hat gespielt 25 Spiele in diese Mannschaft', 292949400, 54137051, '2015-06-19 22:46:40', 0, 0, 0),
(19, 'Es gibt im Moment in diese Mannschaft, oh, einige Spieler vergessen ihnen Profi was sie sind. Ich lese nicht sehr viele Zeitungen, aber ich habe gehört viele Situationen. Erstens: wir haben nicht offensiv gespielt. Es gibt keine deutsche Mannschaft.', 'Es gibt im Moment in diese Mannschaft, oh, einige Spieler vergessen ihnen Profi was sie sind. Ich lese nicht sehr viele Zeitungen, aber ich habe gehört viele Situationen. Erstens: wir haben nicht offensiv gespielt. Es gibt keine deutsche Mannschaft spielt offensiv und die Name offensiv wie Bayern. Letzte Spiel hatten wir in Platz drei Spitzen: Elber, Jancka und dann Zickler. Wir müssen nicht vergessen Zickler. Zickler ist eine Spitzen mehr, Mehmet eh mehr Basler. Ist klar diese Wörter, ist möglich verstehen, was ich hab gesagt? Danke. Offensiv, offensiv ist wie machen wir in Platz. Zweitens: ich habe erklärt mit diese zwei Spieler: nach Dortmund brauchen vielleicht Halbzeit Pause. Ich habe auch andere Mannschaften gesehen in Europa nach diese Mittwoch. Ich habe gesehen auch zwei Tage die Training. Ein Trainer ist nicht ein Idiot! Ein Trainer sei sehen was passieren in Platz. In diese Spiel es waren zwei, drei diese Spieler waren schwach wie eine Flasche leer! Haben Sie gesehen Mittwoch, welche Mannschaft hat gespielt Mittwoch? Hat gespielt Mehmet oder gespielt Basler oder hat gespielt Trapattoni? Diese Spieler beklagen mehr als sie spielen! Wissen Sie, warum die Italienmannschaften kaufen nicht diese Spieler? Weil wir haben gesehen viele Male solche Spiel! Haben gesagt sind nicht Spieler für die italienisch Meisters! Strunz! Strunz ist zwei Jahre hier, hat gespielt 10 Spiele, ist immer verletzt! Was erlauben Strunz? Letzte Jahre Meister Geworden mit Hamann, eh, Nerlinger. Diese Spieler waren Spieler! Waren Meister geworden! Ist immer verletzt! Hat gespielt 25 Spiele in diese Mannschaft', 292949400, 54137051, '2015-06-19 22:46:40', 0, 1, 0),
(20, 'Es gibt im Moment in diese Mannschaft, oh, einige Spieler vergessen ihnen Profi was sie sind. Ich lese nicht sehr viele Zeitungen, aber ich habe gehört viele Situationen. Erstens: wir haben nicht offensiv gespielt. Es gibt keine deutsche Mannschaft.', 'Es gibt im Moment in diese Mannschaft, oh, einige Spieler vergessen ihnen Profi was sie sind. Ich lese nicht sehr viele Zeitungen, aber ich habe gehört viele Situationen. Erstens: wir haben nicht offensiv gespielt. Es gibt keine deutsche Mannschaft spielt offensiv und die Name offensiv wie Bayern. Letzte Spiel hatten wir in Platz drei Spitzen: Elber, Jancka und dann Zickler. Wir müssen nicht vergessen Zickler. Zickler ist eine Spitzen mehr, Mehmet eh mehr Basler. Ist klar diese Wörter, ist möglich verstehen, was ich hab gesagt? Danke. Offensiv, offensiv ist wie machen wir in Platz. Zweitens: ich habe erklärt mit diese zwei Spieler: nach Dortmund brauchen vielleicht Halbzeit Pause. Ich habe auch andere Mannschaften gesehen in Europa nach diese Mittwoch. Ich habe gesehen auch zwei Tage die Training. Ein Trainer ist nicht ein Idiot! Ein Trainer sei sehen was passieren in Platz. In diese Spiel es waren zwei, drei diese Spieler waren schwach wie eine Flasche leer! Haben Sie gesehen Mittwoch, welche Mannschaft hat gespielt Mittwoch? Hat gespielt Mehmet oder gespielt Basler oder hat gespielt Trapattoni? Diese Spieler beklagen mehr als sie spielen! Wissen Sie, warum die Italienmannschaften kaufen nicht diese Spieler? Weil wir haben gesehen viele Male solche Spiel! Haben gesagt sind nicht Spieler für die italienisch Meisters! Strunz! Strunz ist zwei Jahre hier, hat gespielt 10 Spiele, ist immer verletzt! Was erlauben Strunz? Letzte Jahre Meister Geworden mit Hamann, eh, Nerlinger. Diese Spieler waren Spieler! Waren Meister geworden! Ist immer verletzt! Hat gespielt 25 Spiele in diese Mannschaft', 292949400, 54137051, '2015-06-19 22:46:40', 1, 0, 0),
(21, 'Es gibt im Moment in diese Mannschaft, oh, einige Spieler vergessen ihnen Profi was sie sind. Ich lese nicht sehr viele Zeitungen, aber ich habe gehört viele Situationen. Erstens: wir haben nicht offensiv gespielt. Es gibt keine deutsche Mannschaft.', 'Es gibt im Moment in diese Mannschaft, oh, einige Spieler vergessen ihnen Profi was sie sind. Ich lese nicht sehr viele Zeitungen, aber ich habe gehört viele Situationen. Erstens: wir haben nicht offensiv gespielt. Es gibt keine deutsche Mannschaft spielt offensiv und die Name offensiv wie Bayern. Letzte Spiel hatten wir in Platz drei Spitzen: Elber, Jancka und dann Zickler. Wir müssen nicht vergessen Zickler. Zickler ist eine Spitzen mehr, Mehmet eh mehr Basler. Ist klar diese Wörter, ist möglich verstehen, was ich hab gesagt? Danke. Offensiv, offensiv ist wie machen wir in Platz. Zweitens: ich habe erklärt mit diese zwei Spieler: nach Dortmund brauchen vielleicht Halbzeit Pause. Ich habe auch andere Mannschaften gesehen in Europa nach diese Mittwoch. Ich habe gesehen auch zwei Tage die Training. Ein Trainer ist nicht ein Idiot! Ein Trainer sei sehen was passieren in Platz. In diese Spiel es waren zwei, drei diese Spieler waren schwach wie eine Flasche leer! Haben Sie gesehen Mittwoch, welche Mannschaft hat gespielt Mittwoch? Hat gespielt Mehmet oder gespielt Basler oder hat gespielt Trapattoni? Diese Spieler beklagen mehr als sie spielen! Wissen Sie, warum die Italienmannschaften kaufen nicht diese Spieler? Weil wir haben gesehen viele Male solche Spiel! Haben gesagt sind nicht Spieler für die italienisch Meisters! Strunz! Strunz ist zwei Jahre hier, hat gespielt 10 Spiele, ist immer verletzt! Was erlauben Strunz? Letzte Jahre Meister Geworden mit Hamann, eh, Nerlinger. Diese Spieler waren Spieler! Waren Meister geworden! Ist immer verletzt! Hat gespielt 25 Spiele in diese Mannschaft', 292949400, 54137051, '2015-06-19 22:46:40', 0, 0, 0),
(22, 'Es gibt im Moment in diese Mannschaft, oh, einige Spieler vergessen ihnen Profi was sie sind. Ich lese nicht sehr viele Zeitungen, aber ich habe gehört viele Situationen. Erstens: wir haben nicht offensiv gespielt. Es gibt keine deutsche Mannschaft.', 'Es gibt im Moment in diese Mannschaft, oh, einige Spieler vergessen ihnen Profi was sie sind. Ich lese nicht sehr viele Zeitungen, aber ich habe gehört viele Situationen. Erstens: wir haben nicht offensiv gespielt. Es gibt keine deutsche Mannschaft spielt offensiv und die Name offensiv wie Bayern. Letzte Spiel hatten wir in Platz drei Spitzen: Elber, Jancka und dann Zickler. Wir müssen nicht vergessen Zickler. Zickler ist eine Spitzen mehr, Mehmet eh mehr Basler. Ist klar diese Wörter, ist möglich verstehen, was ich hab gesagt? Danke. Offensiv, offensiv ist wie machen wir in Platz. Zweitens: ich habe erklärt mit diese zwei Spieler: nach Dortmund brauchen vielleicht Halbzeit Pause. Ich habe auch andere Mannschaften gesehen in Europa nach diese Mittwoch. Ich habe gesehen auch zwei Tage die Training. Ein Trainer ist nicht ein Idiot! Ein Trainer sei sehen was passieren in Platz. In diese Spiel es waren zwei, drei diese Spieler waren schwach wie eine Flasche leer! Haben Sie gesehen Mittwoch, welche Mannschaft hat gespielt Mittwoch? Hat gespielt Mehmet oder gespielt Basler oder hat gespielt Trapattoni? Diese Spieler beklagen mehr als sie spielen! Wissen Sie, warum die Italienmannschaften kaufen nicht diese Spieler? Weil wir haben gesehen viele Male solche Spiel! Haben gesagt sind nicht Spieler für die italienisch Meisters! Strunz! Strunz ist zwei Jahre hier, hat gespielt 10 Spiele, ist immer verletzt! Was erlauben Strunz? Letzte Jahre Meister Geworden mit Hamann, eh, Nerlinger. Diese Spieler waren Spieler! Waren Meister geworden! Ist immer verletzt! Hat gespielt 25 Spiele in diese Mannschaft', 756288502, 54137051, '2015-06-19 22:46:40', 0, 0, 0),
(23, 'Es gibt im Moment in diese Mannschaft, oh, einige Spieler vergessen ihnen Profi was sie sind. Ich lese nicht sehr viele Zeitungen, aber ich habe gehört viele Situationen. Erstens: wir haben nicht offensiv gespielt. Es gibt keine deutsche Mannschaft.', 'Es gibt im Moment in diese Mannschaft, oh, einige Spieler vergessen ihnen Profi was sie sind. Ich lese nicht sehr viele Zeitungen, aber ich habe gehört viele Situationen. Erstens: wir haben nicht offensiv gespielt. Es gibt keine deutsche Mannschaft spielt offensiv und die Name offensiv wie Bayern. Letzte Spiel hatten wir in Platz drei Spitzen: Elber, Jancka und dann Zickler. Wir müssen nicht vergessen Zickler. Zickler ist eine Spitzen mehr, Mehmet eh mehr Basler. Ist klar diese Wörter, ist möglich verstehen, was ich hab gesagt? Danke. Offensiv, offensiv ist wie machen wir in Platz. Zweitens: ich habe erklärt mit diese zwei Spieler: nach Dortmund brauchen vielleicht Halbzeit Pause. Ich habe auch andere Mannschaften gesehen in Europa nach diese Mittwoch. Ich habe gesehen auch zwei Tage die Training. Ein Trainer ist nicht ein Idiot! Ein Trainer sei sehen was passieren in Platz. In diese Spiel es waren zwei, drei diese Spieler waren schwach wie eine Flasche leer! Haben Sie gesehen Mittwoch, welche Mannschaft hat gespielt Mittwoch? Hat gespielt Mehmet oder gespielt Basler oder hat gespielt Trapattoni? Diese Spieler beklagen mehr als sie spielen! Wissen Sie, warum die Italienmannschaften kaufen nicht diese Spieler? Weil wir haben gesehen viele Male solche Spiel! Haben gesagt sind nicht Spieler für die italienisch Meisters! Strunz! Strunz ist zwei Jahre hier, hat gespielt 10 Spiele, ist immer verletzt! Was erlauben Strunz? Letzte Jahre Meister Geworden mit Hamann, eh, Nerlinger. Diese Spieler waren Spieler! Waren Meister geworden! Ist immer verletzt! Hat gespielt 25 Spiele in diese Mannschaft', 756288502, 54137051, '2015-06-19 22:46:40', 0, 0, 0),
(24, 'Es gibt im Moment in diese Mannschaft, oh, einige Spieler vergessen ihnen Profi was sie sind. Ich lese nicht sehr viele Zeitungen, aber ich habe gehört viele Situationen. Erstens: wir haben nicht offensiv gespielt. Es gibt keine deutsche Mannschaft.', 'Es gibt im Moment in diese Mannschaft, oh, einige Spieler vergessen ihnen Profi was sie sind. Ich lese nicht sehr viele Zeitungen, aber ich habe gehört viele Situationen. Erstens: wir haben nicht offensiv gespielt. Es gibt keine deutsche Mannschaft spielt offensiv und die Name offensiv wie Bayern. Letzte Spiel hatten wir in Platz drei Spitzen: Elber, Jancka und dann Zickler. Wir müssen nicht vergessen Zickler. Zickler ist eine Spitzen mehr, Mehmet eh mehr Basler. Ist klar diese Wörter, ist möglich verstehen, was ich hab gesagt? Danke. Offensiv, offensiv ist wie machen wir in Platz. Zweitens: ich habe erklärt mit diese zwei Spieler: nach Dortmund brauchen vielleicht Halbzeit Pause. Ich habe auch andere Mannschaften gesehen in Europa nach diese Mittwoch. Ich habe gesehen auch zwei Tage die Training. Ein Trainer ist nicht ein Idiot! Ein Trainer sei sehen was passieren in Platz. In diese Spiel es waren zwei, drei diese Spieler waren schwach wie eine Flasche leer! Haben Sie gesehen Mittwoch, welche Mannschaft hat gespielt Mittwoch? Hat gespielt Mehmet oder gespielt Basler oder hat gespielt Trapattoni? Diese Spieler beklagen mehr als sie spielen! Wissen Sie, warum die Italienmannschaften kaufen nicht diese Spieler? Weil wir haben gesehen viele Male solche Spiel! Haben gesagt sind nicht Spieler für die italienisch Meisters! Strunz! Strunz ist zwei Jahre hier, hat gespielt 10 Spiele, ist immer verletzt! Was erlauben Strunz? Letzte Jahre Meister Geworden mit Hamann, eh, Nerlinger. Diese Spieler waren Spieler! Waren Meister geworden! Ist immer verletzt! Hat gespielt 25 Spiele in diese Mannschaft', 756288502, 54137051, '2015-06-19 22:46:40', 0, 0, 0),
(25, 'Es gibt im Moment in diese Mannschaft, oh, einige Spieler vergessen ihnen Profi was sie sind. Ich lese nicht sehr viele Zeitungen, aber ich habe gehört viele Situationen. Erstens: wir haben nicht offensiv gespielt. Es gibt keine deutsche Mannschaft.', 'Es gibt im Moment in diese Mannschaft, oh, einige Spieler vergessen ihnen Profi was sie sind. Ich lese nicht sehr viele Zeitungen, aber ich habe gehört viele Situationen. Erstens: wir haben nicht offensiv gespielt. Es gibt keine deutsche Mannschaft spielt offensiv und die Name offensiv wie Bayern. Letzte Spiel hatten wir in Platz drei Spitzen: Elber, Jancka und dann Zickler. Wir müssen nicht vergessen Zickler. Zickler ist eine Spitzen mehr, Mehmet eh mehr Basler. Ist klar diese Wörter, ist möglich verstehen, was ich hab gesagt? Danke. Offensiv, offensiv ist wie machen wir in Platz. Zweitens: ich habe erklärt mit diese zwei Spieler: nach Dortmund brauchen vielleicht Halbzeit Pause. Ich habe auch andere Mannschaften gesehen in Europa nach diese Mittwoch. Ich habe gesehen auch zwei Tage die Training. Ein Trainer ist nicht ein Idiot! Ein Trainer sei sehen was passieren in Platz. In diese Spiel es waren zwei, drei diese Spieler waren schwach wie eine Flasche leer! Haben Sie gesehen Mittwoch, welche Mannschaft hat gespielt Mittwoch? Hat gespielt Mehmet oder gespielt Basler oder hat gespielt Trapattoni? Diese Spieler beklagen mehr als sie spielen! Wissen Sie, warum die Italienmannschaften kaufen nicht diese Spieler? Weil wir haben gesehen viele Male solche Spiel! Haben gesagt sind nicht Spieler für die italienisch Meisters! Strunz! Strunz ist zwei Jahre hier, hat gespielt 10 Spiele, ist immer verletzt! Was erlauben Strunz? Letzte Jahre Meister Geworden mit Hamann, eh, Nerlinger. Diese Spieler waren Spieler! Waren Meister geworden! Ist immer verletzt! Hat gespielt 25 Spiele in diese Mannschaft', 756288502, 366574783, '2015-06-19 22:46:40', 1, 1, 0);
INSERT INTO `message` (`id`, `subject`, `content`, `sender_id`, `receiver_id`, `sent_at`, `deleted`, `read`, `flow`) VALUES
(26, 'Es gibt im Moment in diese Mannschaft, oh, einige Spieler vergessen ihnen Profi was sie sind. Ich lese nicht sehr viele Zeitungen, aber ich habe gehört viele Situationen. Erstens: wir haben nicht offensiv gespielt. Es gibt keine deutsche Mannschaft.', 'Es gibt im Moment in diese Mannschaft, oh, einige Spieler vergessen ihnen Profi was sie sind. Ich lese nicht sehr viele Zeitungen, aber ich habe gehört viele Situationen. Erstens: wir haben nicht offensiv gespielt. Es gibt keine deutsche Mannschaft spielt offensiv und die Name offensiv wie Bayern. Letzte Spiel hatten wir in Platz drei Spitzen: Elber, Jancka und dann Zickler. Wir müssen nicht vergessen Zickler. Zickler ist eine Spitzen mehr, Mehmet eh mehr Basler. Ist klar diese Wörter, ist möglich verstehen, was ich hab gesagt? Danke. Offensiv, offensiv ist wie machen wir in Platz. Zweitens: ich habe erklärt mit diese zwei Spieler: nach Dortmund brauchen vielleicht Halbzeit Pause. Ich habe auch andere Mannschaften gesehen in Europa nach diese Mittwoch. Ich habe gesehen auch zwei Tage die Training. Ein Trainer ist nicht ein Idiot! Ein Trainer sei sehen was passieren in Platz. In diese Spiel es waren zwei, drei diese Spieler waren schwach wie eine Flasche leer! Haben Sie gesehen Mittwoch, welche Mannschaft hat gespielt Mittwoch? Hat gespielt Mehmet oder gespielt Basler oder hat gespielt Trapattoni? Diese Spieler beklagen mehr als sie spielen! Wissen Sie, warum die Italienmannschaften kaufen nicht diese Spieler? Weil wir haben gesehen viele Male solche Spiel! Haben gesagt sind nicht Spieler für die italienisch Meisters! Strunz! Strunz ist zwei Jahre hier, hat gespielt 10 Spiele, ist immer verletzt! Was erlauben Strunz? Letzte Jahre Meister Geworden mit Hamann, eh, Nerlinger. Diese Spieler waren Spieler! Waren Meister geworden! Ist immer verletzt! Hat gespielt 25 Spiele in diese Mannschaft', 756288502, 366574783, '2015-06-19 22:46:40', 1, 1, 0),
(27, 'Es gibt im Moment in diese Mannschaft, oh, einige Spieler vergessen ihnen Profi was sie sind. Ich lese nicht sehr viele Zeitungen, aber ich habe gehört viele Situationen. Erstens: wir haben nicht offensiv gespielt. Es gibt keine deutsche Mannschaft.', 'Es gibt im Moment in diese Mannschaft, oh, einige Spieler vergessen ihnen Profi was sie sind. Ich lese nicht sehr viele Zeitungen, aber ich habe gehört viele Situationen. Erstens: wir haben nicht offensiv gespielt. Es gibt keine deutsche Mannschaft spielt offensiv und die Name offensiv wie Bayern. Letzte Spiel hatten wir in Platz drei Spitzen: Elber, Jancka und dann Zickler. Wir müssen nicht vergessen Zickler. Zickler ist eine Spitzen mehr, Mehmet eh mehr Basler. Ist klar diese Wörter, ist möglich verstehen, was ich hab gesagt? Danke. Offensiv, offensiv ist wie machen wir in Platz. Zweitens: ich habe erklärt mit diese zwei Spieler: nach Dortmund brauchen vielleicht Halbzeit Pause. Ich habe auch andere Mannschaften gesehen in Europa nach diese Mittwoch. Ich habe gesehen auch zwei Tage die Training. Ein Trainer ist nicht ein Idiot! Ein Trainer sei sehen was passieren in Platz. In diese Spiel es waren zwei, drei diese Spieler waren schwach wie eine Flasche leer! Haben Sie gesehen Mittwoch, welche Mannschaft hat gespielt Mittwoch? Hat gespielt Mehmet oder gespielt Basler oder hat gespielt Trapattoni? Diese Spieler beklagen mehr als sie spielen! Wissen Sie, warum die Italienmannschaften kaufen nicht diese Spieler? Weil wir haben gesehen viele Male solche Spiel! Haben gesagt sind nicht Spieler für die italienisch Meisters! Strunz! Strunz ist zwei Jahre hier, hat gespielt 10 Spiele, ist immer verletzt! Was erlauben Strunz? Letzte Jahre Meister Geworden mit Hamann, eh, Nerlinger. Diese Spieler waren Spieler! Waren Meister geworden! Ist immer verletzt! Hat gespielt 25 Spiele in diese Mannschaft', 756288502, 366574783, '2015-06-19 22:46:40', 0, 1, 0),
(28, 'Es gibt im Moment in diese Mannschaft, oh, einige Spieler vergessen ihnen Profi was sie sind. Ich lese nicht sehr viele Zeitungen, aber ich habe gehört viele Situationen. Erstens: wir haben nicht offensiv gespielt. Es gibt keine deutsche Mannschaft.', 'Es gibt im Moment in diese Mannschaft, oh, einige Spieler vergessen ihnen Profi was sie sind. Ich lese nicht sehr viele Zeitungen, aber ich habe gehört viele Situationen. Erstens: wir haben nicht offensiv gespielt. Es gibt keine deutsche Mannschaft spielt offensiv und die Name offensiv wie Bayern. Letzte Spiel hatten wir in Platz drei Spitzen: Elber, Jancka und dann Zickler. Wir müssen nicht vergessen Zickler. Zickler ist eine Spitzen mehr, Mehmet eh mehr Basler. Ist klar diese Wörter, ist möglich verstehen, was ich hab gesagt? Danke. Offensiv, offensiv ist wie machen wir in Platz. Zweitens: ich habe erklärt mit diese zwei Spieler: nach Dortmund brauchen vielleicht Halbzeit Pause. Ich habe auch andere Mannschaften gesehen in Europa nach diese Mittwoch. Ich habe gesehen auch zwei Tage die Training. Ein Trainer ist nicht ein Idiot! Ein Trainer sei sehen was passieren in Platz. In diese Spiel es waren zwei, drei diese Spieler waren schwach wie eine Flasche leer! Haben Sie gesehen Mittwoch, welche Mannschaft hat gespielt Mittwoch? Hat gespielt Mehmet oder gespielt Basler oder hat gespielt Trapattoni? Diese Spieler beklagen mehr als sie spielen! Wissen Sie, warum die Italienmannschaften kaufen nicht diese Spieler? Weil wir haben gesehen viele Male solche Spiel! Haben gesagt sind nicht Spieler für die italienisch Meisters! Strunz! Strunz ist zwei Jahre hier, hat gespielt 10 Spiele, ist immer verletzt! Was erlauben Strunz? Letzte Jahre Meister Geworden mit Hamann, eh, Nerlinger. Diese Spieler waren Spieler! Waren Meister geworden! Ist immer verletzt! Hat gespielt 25 Spiele in diese Mannschaft', 756288502, 366574783, '2015-06-19 22:46:40', 1, 1, 0),
(29, 'Es gibt im Moment in diese Mannschaft, oh, einige Spieler vergessen ihnen Profi was sie sind. Ich lese nicht sehr viele Zeitungen, aber ich habe gehört viele Situationen. Erstens: wir haben nicht offensiv gespielt. Es gibt keine deutsche Mannschaft.', 'Es gibt im Moment in diese Mannschaft, oh, einige Spieler vergessen ihnen Profi was sie sind. Ich lese nicht sehr viele Zeitungen, aber ich habe gehört viele Situationen. Erstens: wir haben nicht offensiv gespielt. Es gibt keine deutsche Mannschaft spielt offensiv und die Name offensiv wie Bayern. Letzte Spiel hatten wir in Platz drei Spitzen: Elber, Jancka und dann Zickler. Wir müssen nicht vergessen Zickler. Zickler ist eine Spitzen mehr, Mehmet eh mehr Basler. Ist klar diese Wörter, ist möglich verstehen, was ich hab gesagt? Danke. Offensiv, offensiv ist wie machen wir in Platz. Zweitens: ich habe erklärt mit diese zwei Spieler: nach Dortmund brauchen vielleicht Halbzeit Pause. Ich habe auch andere Mannschaften gesehen in Europa nach diese Mittwoch. Ich habe gesehen auch zwei Tage die Training. Ein Trainer ist nicht ein Idiot! Ein Trainer sei sehen was passieren in Platz. In diese Spiel es waren zwei, drei diese Spieler waren schwach wie eine Flasche leer! Haben Sie gesehen Mittwoch, welche Mannschaft hat gespielt Mittwoch? Hat gespielt Mehmet oder gespielt Basler oder hat gespielt Trapattoni? Diese Spieler beklagen mehr als sie spielen! Wissen Sie, warum die Italienmannschaften kaufen nicht diese Spieler? Weil wir haben gesehen viele Male solche Spiel! Haben gesagt sind nicht Spieler für die italienisch Meisters! Strunz! Strunz ist zwei Jahre hier, hat gespielt 10 Spiele, ist immer verletzt! Was erlauben Strunz? Letzte Jahre Meister Geworden mit Hamann, eh, Nerlinger. Diese Spieler waren Spieler! Waren Meister geworden! Ist immer verletzt! Hat gespielt 25 Spiele in diese Mannschaft', 756288502, 366574783, '2015-06-19 22:46:40', 1, 1, 0),
(30, 'Es gibt im Moment in diese Mannschaft, oh, einige Spieler vergessen ihnen Profi was sie sind. Ich lese nicht sehr viele Zeitungen, aber ich habe gehört viele Situationen. Erstens: wir haben nicht offensiv gespielt. Es gibt keine deutsche Mannschaft.', 'Es gibt im Moment in diese Mannschaft, oh, einige Spieler vergessen ihnen Profi was sie sind. Ich lese nicht sehr viele Zeitungen, aber ich habe gehört viele Situationen. Erstens: wir haben nicht offensiv gespielt. Es gibt keine deutsche Mannschaft spielt offensiv und die Name offensiv wie Bayern. Letzte Spiel hatten wir in Platz drei Spitzen: Elber, Jancka und dann Zickler. Wir müssen nicht vergessen Zickler. Zickler ist eine Spitzen mehr, Mehmet eh mehr Basler. Ist klar diese Wörter, ist möglich verstehen, was ich hab gesagt? Danke. Offensiv, offensiv ist wie machen wir in Platz. Zweitens: ich habe erklärt mit diese zwei Spieler: nach Dortmund brauchen vielleicht Halbzeit Pause. Ich habe auch andere Mannschaften gesehen in Europa nach diese Mittwoch. Ich habe gesehen auch zwei Tage die Training. Ein Trainer ist nicht ein Idiot! Ein Trainer sei sehen was passieren in Platz. In diese Spiel es waren zwei, drei diese Spieler waren schwach wie eine Flasche leer! Haben Sie gesehen Mittwoch, welche Mannschaft hat gespielt Mittwoch? Hat gespielt Mehmet oder gespielt Basler oder hat gespielt Trapattoni? Diese Spieler beklagen mehr als sie spielen! Wissen Sie, warum die Italienmannschaften kaufen nicht diese Spieler? Weil wir haben gesehen viele Male solche Spiel! Haben gesagt sind nicht Spieler für die italienisch Meisters! Strunz! Strunz ist zwei Jahre hier, hat gespielt 10 Spiele, ist immer verletzt! Was erlauben Strunz? Letzte Jahre Meister Geworden mit Hamann, eh, Nerlinger. Diese Spieler waren Spieler! Waren Meister geworden! Ist immer verletzt! Hat gespielt 25 Spiele in diese Mannschaft', 756288502, 366574783, '2015-06-19 22:46:40', 0, 0, 0),
(31, 'Es gibt im Moment in diese Mannschaft, oh, einige Spieler vergessen ihnen Profi was sie sind. Ich lese nicht sehr viele Zeitungen, aber ich habe gehört viele Situationen. Erstens: wir haben nicht offensiv gespielt. Es gibt keine deutsche Mannschaft.', 'Es gibt im Moment in diese Mannschaft, oh, einige Spieler vergessen ihnen Profi was sie sind. Ich lese nicht sehr viele Zeitungen, aber ich habe gehört viele Situationen. Erstens: wir haben nicht offensiv gespielt. Es gibt keine deutsche Mannschaft spielt offensiv und die Name offensiv wie Bayern. Letzte Spiel hatten wir in Platz drei Spitzen: Elber, Jancka und dann Zickler. Wir müssen nicht vergessen Zickler. Zickler ist eine Spitzen mehr, Mehmet eh mehr Basler. Ist klar diese Wörter, ist möglich verstehen, was ich hab gesagt? Danke. Offensiv, offensiv ist wie machen wir in Platz. Zweitens: ich habe erklärt mit diese zwei Spieler: nach Dortmund brauchen vielleicht Halbzeit Pause. Ich habe auch andere Mannschaften gesehen in Europa nach diese Mittwoch. Ich habe gesehen auch zwei Tage die Training. Ein Trainer ist nicht ein Idiot! Ein Trainer sei sehen was passieren in Platz. In diese Spiel es waren zwei, drei diese Spieler waren schwach wie eine Flasche leer! Haben Sie gesehen Mittwoch, welche Mannschaft hat gespielt Mittwoch? Hat gespielt Mehmet oder gespielt Basler oder hat gespielt Trapattoni? Diese Spieler beklagen mehr als sie spielen! Wissen Sie, warum die Italienmannschaften kaufen nicht diese Spieler? Weil wir haben gesehen viele Male solche Spiel! Haben gesagt sind nicht Spieler für die italienisch Meisters! Strunz! Strunz ist zwei Jahre hier, hat gespielt 10 Spiele, ist immer verletzt! Was erlauben Strunz? Letzte Jahre Meister Geworden mit Hamann, eh, Nerlinger. Diese Spieler waren Spieler! Waren Meister geworden! Ist immer verletzt! Hat gespielt 25 Spiele in diese Mannschaft', 756288502, 366574783, '2015-06-19 22:46:40', 1, 0, 0),
(32, 'Es gibt im Moment in diese Mannschaft, oh, einige Spieler vergessen ihnen Profi was sie sind. Ich lese nicht sehr viele Zeitungen, aber ich habe gehört viele Situationen. Erstens: wir haben nicht offensiv gespielt. Es gibt keine deutsche Mannschaft.', 'Es gibt im Moment in diese Mannschaft, oh, einige Spieler vergessen ihnen Profi was sie sind. Ich lese nicht sehr viele Zeitungen, aber ich habe gehört viele Situationen. Erstens: wir haben nicht offensiv gespielt. Es gibt keine deutsche Mannschaft spielt offensiv und die Name offensiv wie Bayern. Letzte Spiel hatten wir in Platz drei Spitzen: Elber, Jancka und dann Zickler. Wir müssen nicht vergessen Zickler. Zickler ist eine Spitzen mehr, Mehmet eh mehr Basler. Ist klar diese Wörter, ist möglich verstehen, was ich hab gesagt? Danke. Offensiv, offensiv ist wie machen wir in Platz. Zweitens: ich habe erklärt mit diese zwei Spieler: nach Dortmund brauchen vielleicht Halbzeit Pause. Ich habe auch andere Mannschaften gesehen in Europa nach diese Mittwoch. Ich habe gesehen auch zwei Tage die Training. Ein Trainer ist nicht ein Idiot! Ein Trainer sei sehen was passieren in Platz. In diese Spiel es waren zwei, drei diese Spieler waren schwach wie eine Flasche leer! Haben Sie gesehen Mittwoch, welche Mannschaft hat gespielt Mittwoch? Hat gespielt Mehmet oder gespielt Basler oder hat gespielt Trapattoni? Diese Spieler beklagen mehr als sie spielen! Wissen Sie, warum die Italienmannschaften kaufen nicht diese Spieler? Weil wir haben gesehen viele Male solche Spiel! Haben gesagt sind nicht Spieler für die italienisch Meisters! Strunz! Strunz ist zwei Jahre hier, hat gespielt 10 Spiele, ist immer verletzt! Was erlauben Strunz? Letzte Jahre Meister Geworden mit Hamann, eh, Nerlinger. Diese Spieler waren Spieler! Waren Meister geworden! Ist immer verletzt! Hat gespielt 25 Spiele in diese Mannschaft', 756288502, 366574783, '2015-06-19 22:46:40', 1, 0, 0),
(33, 'Es gibt im Moment in diese Mannschaft, oh, einige Spieler vergessen ihnen Profi was sie sind. Ich lese nicht sehr viele Zeitungen, aber ich habe gehört viele Situationen. Erstens: wir haben nicht offensiv gespielt. Es gibt keine deutsche Mannschaft.', 'Es gibt im Moment in diese Mannschaft, oh, einige Spieler vergessen ihnen Profi was sie sind. Ich lese nicht sehr viele Zeitungen, aber ich habe gehört viele Situationen. Erstens: wir haben nicht offensiv gespielt. Es gibt keine deutsche Mannschaft spielt offensiv und die Name offensiv wie Bayern. Letzte Spiel hatten wir in Platz drei Spitzen: Elber, Jancka und dann Zickler. Wir müssen nicht vergessen Zickler. Zickler ist eine Spitzen mehr, Mehmet eh mehr Basler. Ist klar diese Wörter, ist möglich verstehen, was ich hab gesagt? Danke. Offensiv, offensiv ist wie machen wir in Platz. Zweitens: ich habe erklärt mit diese zwei Spieler: nach Dortmund brauchen vielleicht Halbzeit Pause. Ich habe auch andere Mannschaften gesehen in Europa nach diese Mittwoch. Ich habe gesehen auch zwei Tage die Training. Ein Trainer ist nicht ein Idiot! Ein Trainer sei sehen was passieren in Platz. In diese Spiel es waren zwei, drei diese Spieler waren schwach wie eine Flasche leer! Haben Sie gesehen Mittwoch, welche Mannschaft hat gespielt Mittwoch? Hat gespielt Mehmet oder gespielt Basler oder hat gespielt Trapattoni? Diese Spieler beklagen mehr als sie spielen! Wissen Sie, warum die Italienmannschaften kaufen nicht diese Spieler? Weil wir haben gesehen viele Male solche Spiel! Haben gesagt sind nicht Spieler für die italienisch Meisters! Strunz! Strunz ist zwei Jahre hier, hat gespielt 10 Spiele, ist immer verletzt! Was erlauben Strunz? Letzte Jahre Meister Geworden mit Hamann, eh, Nerlinger. Diese Spieler waren Spieler! Waren Meister geworden! Ist immer verletzt! Hat gespielt 25 Spiele in diese Mannschaft', 756288502, 366574783, '2015-06-19 22:46:40', 1, 1, 0),
(34, 'Es gibt im Moment in diese Mannschaft, oh, einige Spieler vergessen ihnen Profi was sie sind. Ich lese nicht sehr viele Zeitungen, aber ich habe gehört viele Situationen. Erstens: wir haben nicht offensiv gespielt. Es gibt keine deutsche Mannschaft.', 'Es gibt im Moment in diese Mannschaft, oh, einige Spieler vergessen ihnen Profi was sie sind. Ich lese nicht sehr viele Zeitungen, aber ich habe gehört viele Situationen. Erstens: wir haben nicht offensiv gespielt. Es gibt keine deutsche Mannschaft spielt offensiv und die Name offensiv wie Bayern. Letzte Spiel hatten wir in Platz drei Spitzen: Elber, Jancka und dann Zickler. Wir müssen nicht vergessen Zickler. Zickler ist eine Spitzen mehr, Mehmet eh mehr Basler. Ist klar diese Wörter, ist möglich verstehen, was ich hab gesagt? Danke. Offensiv, offensiv ist wie machen wir in Platz. Zweitens: ich habe erklärt mit diese zwei Spieler: nach Dortmund brauchen vielleicht Halbzeit Pause. Ich habe auch andere Mannschaften gesehen in Europa nach diese Mittwoch. Ich habe gesehen auch zwei Tage die Training. Ein Trainer ist nicht ein Idiot! Ein Trainer sei sehen was passieren in Platz. In diese Spiel es waren zwei, drei diese Spieler waren schwach wie eine Flasche leer! Haben Sie gesehen Mittwoch, welche Mannschaft hat gespielt Mittwoch? Hat gespielt Mehmet oder gespielt Basler oder hat gespielt Trapattoni? Diese Spieler beklagen mehr als sie spielen! Wissen Sie, warum die Italienmannschaften kaufen nicht diese Spieler? Weil wir haben gesehen viele Male solche Spiel! Haben gesagt sind nicht Spieler für die italienisch Meisters! Strunz! Strunz ist zwei Jahre hier, hat gespielt 10 Spiele, ist immer verletzt! Was erlauben Strunz? Letzte Jahre Meister Geworden mit Hamann, eh, Nerlinger. Diese Spieler waren Spieler! Waren Meister geworden! Ist immer verletzt! Hat gespielt 25 Spiele in diese Mannschaft', 756288502, 366574783, '2015-06-19 22:46:40', 1, 0, 0),
(35, 'Es gibt im Moment in diese Mannschaft, oh, einige Spieler vergessen ihnen Profi was sie sind. Ich lese nicht sehr viele Zeitungen, aber ich habe gehört viele Situationen. Erstens: wir haben nicht offensiv gespielt. Es gibt keine deutsche Mannschaft.', 'Es gibt im Moment in diese Mannschaft, oh, einige Spieler vergessen ihnen Profi was sie sind. Ich lese nicht sehr viele Zeitungen, aber ich habe gehört viele Situationen. Erstens: wir haben nicht offensiv gespielt. Es gibt keine deutsche Mannschaft spielt offensiv und die Name offensiv wie Bayern. Letzte Spiel hatten wir in Platz drei Spitzen: Elber, Jancka und dann Zickler. Wir müssen nicht vergessen Zickler. Zickler ist eine Spitzen mehr, Mehmet eh mehr Basler. Ist klar diese Wörter, ist möglich verstehen, was ich hab gesagt? Danke. Offensiv, offensiv ist wie machen wir in Platz. Zweitens: ich habe erklärt mit diese zwei Spieler: nach Dortmund brauchen vielleicht Halbzeit Pause. Ich habe auch andere Mannschaften gesehen in Europa nach diese Mittwoch. Ich habe gesehen auch zwei Tage die Training. Ein Trainer ist nicht ein Idiot! Ein Trainer sei sehen was passieren in Platz. In diese Spiel es waren zwei, drei diese Spieler waren schwach wie eine Flasche leer! Haben Sie gesehen Mittwoch, welche Mannschaft hat gespielt Mittwoch? Hat gespielt Mehmet oder gespielt Basler oder hat gespielt Trapattoni? Diese Spieler beklagen mehr als sie spielen! Wissen Sie, warum die Italienmannschaften kaufen nicht diese Spieler? Weil wir haben gesehen viele Male solche Spiel! Haben gesagt sind nicht Spieler für die italienisch Meisters! Strunz! Strunz ist zwei Jahre hier, hat gespielt 10 Spiele, ist immer verletzt! Was erlauben Strunz? Letzte Jahre Meister Geworden mit Hamann, eh, Nerlinger. Diese Spieler waren Spieler! Waren Meister geworden! Ist immer verletzt! Hat gespielt 25 Spiele in diese Mannschaft', 756288502, 366574783, '2015-06-19 22:46:40', 1, 0, 0),
(36, 'Es gibt im Moment in diese Mannschaft, oh, einige Spieler vergessen ihnen Profi was sie sind. Ich lese nicht sehr viele Zeitungen, aber ich habe gehört viele Situationen. Erstens: wir haben nicht offensiv gespielt. Es gibt keine deutsche Mannschaft.', 'Es gibt im Moment in diese Mannschaft, oh, einige Spieler vergessen ihnen Profi was sie sind. Ich lese nicht sehr viele Zeitungen, aber ich habe gehört viele Situationen. Erstens: wir haben nicht offensiv gespielt. Es gibt keine deutsche Mannschaft spielt offensiv und die Name offensiv wie Bayern. Letzte Spiel hatten wir in Platz drei Spitzen: Elber, Jancka und dann Zickler. Wir müssen nicht vergessen Zickler. Zickler ist eine Spitzen mehr, Mehmet eh mehr Basler. Ist klar diese Wörter, ist möglich verstehen, was ich hab gesagt? Danke. Offensiv, offensiv ist wie machen wir in Platz. Zweitens: ich habe erklärt mit diese zwei Spieler: nach Dortmund brauchen vielleicht Halbzeit Pause. Ich habe auch andere Mannschaften gesehen in Europa nach diese Mittwoch. Ich habe gesehen auch zwei Tage die Training. Ein Trainer ist nicht ein Idiot! Ein Trainer sei sehen was passieren in Platz. In diese Spiel es waren zwei, drei diese Spieler waren schwach wie eine Flasche leer! Haben Sie gesehen Mittwoch, welche Mannschaft hat gespielt Mittwoch? Hat gespielt Mehmet oder gespielt Basler oder hat gespielt Trapattoni? Diese Spieler beklagen mehr als sie spielen! Wissen Sie, warum die Italienmannschaften kaufen nicht diese Spieler? Weil wir haben gesehen viele Male solche Spiel! Haben gesagt sind nicht Spieler für die italienisch Meisters! Strunz! Strunz ist zwei Jahre hier, hat gespielt 10 Spiele, ist immer verletzt! Was erlauben Strunz? Letzte Jahre Meister Geworden mit Hamann, eh, Nerlinger. Diese Spieler waren Spieler! Waren Meister geworden! Ist immer verletzt! Hat gespielt 25 Spiele in diese Mannschaft', 756288502, 292949400, '2015-06-19 22:46:40', 1, 1, 0),
(37, 'Es gibt im Moment in diese Mannschaft, oh, einige Spieler vergessen ihnen Profi was sie sind. Ich lese nicht sehr viele Zeitungen, aber ich habe gehört viele Situationen. Erstens: wir haben nicht offensiv gespielt. Es gibt keine deutsche Mannschaft.', 'Es gibt im Moment in diese Mannschaft, oh, einige Spieler vergessen ihnen Profi was sie sind. Ich lese nicht sehr viele Zeitungen, aber ich habe gehört viele Situationen. Erstens: wir haben nicht offensiv gespielt. Es gibt keine deutsche Mannschaft spielt offensiv und die Name offensiv wie Bayern. Letzte Spiel hatten wir in Platz drei Spitzen: Elber, Jancka und dann Zickler. Wir müssen nicht vergessen Zickler. Zickler ist eine Spitzen mehr, Mehmet eh mehr Basler. Ist klar diese Wörter, ist möglich verstehen, was ich hab gesagt? Danke. Offensiv, offensiv ist wie machen wir in Platz. Zweitens: ich habe erklärt mit diese zwei Spieler: nach Dortmund brauchen vielleicht Halbzeit Pause. Ich habe auch andere Mannschaften gesehen in Europa nach diese Mittwoch. Ich habe gesehen auch zwei Tage die Training. Ein Trainer ist nicht ein Idiot! Ein Trainer sei sehen was passieren in Platz. In diese Spiel es waren zwei, drei diese Spieler waren schwach wie eine Flasche leer! Haben Sie gesehen Mittwoch, welche Mannschaft hat gespielt Mittwoch? Hat gespielt Mehmet oder gespielt Basler oder hat gespielt Trapattoni? Diese Spieler beklagen mehr als sie spielen! Wissen Sie, warum die Italienmannschaften kaufen nicht diese Spieler? Weil wir haben gesehen viele Male solche Spiel! Haben gesagt sind nicht Spieler für die italienisch Meisters! Strunz! Strunz ist zwei Jahre hier, hat gespielt 10 Spiele, ist immer verletzt! Was erlauben Strunz? Letzte Jahre Meister Geworden mit Hamann, eh, Nerlinger. Diese Spieler waren Spieler! Waren Meister geworden! Ist immer verletzt! Hat gespielt 25 Spiele in diese Mannschaft', 756288502, 292949400, '2015-06-19 22:46:40', 0, 0, 0),
(38, 'Es gibt im Moment in diese Mannschaft, oh, einige Spieler vergessen ihnen Profi was sie sind. Ich lese nicht sehr viele Zeitungen, aber ich habe gehört viele Situationen. Erstens: wir haben nicht offensiv gespielt. Es gibt keine deutsche Mannschaft.', 'Es gibt im Moment in diese Mannschaft, oh, einige Spieler vergessen ihnen Profi was sie sind. Ich lese nicht sehr viele Zeitungen, aber ich habe gehört viele Situationen. Erstens: wir haben nicht offensiv gespielt. Es gibt keine deutsche Mannschaft spielt offensiv und die Name offensiv wie Bayern. Letzte Spiel hatten wir in Platz drei Spitzen: Elber, Jancka und dann Zickler. Wir müssen nicht vergessen Zickler. Zickler ist eine Spitzen mehr, Mehmet eh mehr Basler. Ist klar diese Wörter, ist möglich verstehen, was ich hab gesagt? Danke. Offensiv, offensiv ist wie machen wir in Platz. Zweitens: ich habe erklärt mit diese zwei Spieler: nach Dortmund brauchen vielleicht Halbzeit Pause. Ich habe auch andere Mannschaften gesehen in Europa nach diese Mittwoch. Ich habe gesehen auch zwei Tage die Training. Ein Trainer ist nicht ein Idiot! Ein Trainer sei sehen was passieren in Platz. In diese Spiel es waren zwei, drei diese Spieler waren schwach wie eine Flasche leer! Haben Sie gesehen Mittwoch, welche Mannschaft hat gespielt Mittwoch? Hat gespielt Mehmet oder gespielt Basler oder hat gespielt Trapattoni? Diese Spieler beklagen mehr als sie spielen! Wissen Sie, warum die Italienmannschaften kaufen nicht diese Spieler? Weil wir haben gesehen viele Male solche Spiel! Haben gesagt sind nicht Spieler für die italienisch Meisters! Strunz! Strunz ist zwei Jahre hier, hat gespielt 10 Spiele, ist immer verletzt! Was erlauben Strunz? Letzte Jahre Meister Geworden mit Hamann, eh, Nerlinger. Diese Spieler waren Spieler! Waren Meister geworden! Ist immer verletzt! Hat gespielt 25 Spiele in diese Mannschaft', 756288502, 292949400, '2015-06-19 22:46:40', 0, 0, 0),
(39, 'Es gibt im Moment in diese Mannschaft, oh, einige Spieler vergessen ihnen Profi was sie sind. Ich lese nicht sehr viele Zeitungen, aber ich habe gehört viele Situationen. Erstens: wir haben nicht offensiv gespielt. Es gibt keine deutsche Mannschaft.', 'Es gibt im Moment in diese Mannschaft, oh, einige Spieler vergessen ihnen Profi was sie sind. Ich lese nicht sehr viele Zeitungen, aber ich habe gehört viele Situationen. Erstens: wir haben nicht offensiv gespielt. Es gibt keine deutsche Mannschaft spielt offensiv und die Name offensiv wie Bayern. Letzte Spiel hatten wir in Platz drei Spitzen: Elber, Jancka und dann Zickler. Wir müssen nicht vergessen Zickler. Zickler ist eine Spitzen mehr, Mehmet eh mehr Basler. Ist klar diese Wörter, ist möglich verstehen, was ich hab gesagt? Danke. Offensiv, offensiv ist wie machen wir in Platz. Zweitens: ich habe erklärt mit diese zwei Spieler: nach Dortmund brauchen vielleicht Halbzeit Pause. Ich habe auch andere Mannschaften gesehen in Europa nach diese Mittwoch. Ich habe gesehen auch zwei Tage die Training. Ein Trainer ist nicht ein Idiot! Ein Trainer sei sehen was passieren in Platz. In diese Spiel es waren zwei, drei diese Spieler waren schwach wie eine Flasche leer! Haben Sie gesehen Mittwoch, welche Mannschaft hat gespielt Mittwoch? Hat gespielt Mehmet oder gespielt Basler oder hat gespielt Trapattoni? Diese Spieler beklagen mehr als sie spielen! Wissen Sie, warum die Italienmannschaften kaufen nicht diese Spieler? Weil wir haben gesehen viele Male solche Spiel! Haben gesagt sind nicht Spieler für die italienisch Meisters! Strunz! Strunz ist zwei Jahre hier, hat gespielt 10 Spiele, ist immer verletzt! Was erlauben Strunz? Letzte Jahre Meister Geworden mit Hamann, eh, Nerlinger. Diese Spieler waren Spieler! Waren Meister geworden! Ist immer verletzt! Hat gespielt 25 Spiele in diese Mannschaft', 54137051, 292949400, '2015-06-19 22:46:40', 0, 1, 0),
(40, 'Es gibt im Moment in diese Mannschaft, oh, einige Spieler vergessen ihnen Profi was sie sind. Ich lese nicht sehr viele Zeitungen, aber ich habe gehört viele Situationen. Erstens: wir haben nicht offensiv gespielt. Es gibt keine deutsche Mannschaft.', 'Es gibt im Moment in diese Mannschaft, oh, einige Spieler vergessen ihnen Profi was sie sind. Ich lese nicht sehr viele Zeitungen, aber ich habe gehört viele Situationen. Erstens: wir haben nicht offensiv gespielt. Es gibt keine deutsche Mannschaft spielt offensiv und die Name offensiv wie Bayern. Letzte Spiel hatten wir in Platz drei Spitzen: Elber, Jancka und dann Zickler. Wir müssen nicht vergessen Zickler. Zickler ist eine Spitzen mehr, Mehmet eh mehr Basler. Ist klar diese Wörter, ist möglich verstehen, was ich hab gesagt? Danke. Offensiv, offensiv ist wie machen wir in Platz. Zweitens: ich habe erklärt mit diese zwei Spieler: nach Dortmund brauchen vielleicht Halbzeit Pause. Ich habe auch andere Mannschaften gesehen in Europa nach diese Mittwoch. Ich habe gesehen auch zwei Tage die Training. Ein Trainer ist nicht ein Idiot! Ein Trainer sei sehen was passieren in Platz. In diese Spiel es waren zwei, drei diese Spieler waren schwach wie eine Flasche leer! Haben Sie gesehen Mittwoch, welche Mannschaft hat gespielt Mittwoch? Hat gespielt Mehmet oder gespielt Basler oder hat gespielt Trapattoni? Diese Spieler beklagen mehr als sie spielen! Wissen Sie, warum die Italienmannschaften kaufen nicht diese Spieler? Weil wir haben gesehen viele Male solche Spiel! Haben gesagt sind nicht Spieler für die italienisch Meisters! Strunz! Strunz ist zwei Jahre hier, hat gespielt 10 Spiele, ist immer verletzt! Was erlauben Strunz? Letzte Jahre Meister Geworden mit Hamann, eh, Nerlinger. Diese Spieler waren Spieler! Waren Meister geworden! Ist immer verletzt! Hat gespielt 25 Spiele in diese Mannschaft', 54137051, 292949400, '2015-06-19 22:46:40', 0, 0, 0),
(41, 'Es gibt im Moment in diese Mannschaft, oh, einige Spieler vergessen ihnen Profi was sie sind. Ich lese nicht sehr viele Zeitungen, aber ich habe gehört viele Situationen. Erstens: wir haben nicht offensiv gespielt. Es gibt keine deutsche Mannschaft.', 'Es gibt im Moment in diese Mannschaft, oh, einige Spieler vergessen ihnen Profi was sie sind. Ich lese nicht sehr viele Zeitungen, aber ich habe gehört viele Situationen. Erstens: wir haben nicht offensiv gespielt. Es gibt keine deutsche Mannschaft spielt offensiv und die Name offensiv wie Bayern. Letzte Spiel hatten wir in Platz drei Spitzen: Elber, Jancka und dann Zickler. Wir müssen nicht vergessen Zickler. Zickler ist eine Spitzen mehr, Mehmet eh mehr Basler. Ist klar diese Wörter, ist möglich verstehen, was ich hab gesagt? Danke. Offensiv, offensiv ist wie machen wir in Platz. Zweitens: ich habe erklärt mit diese zwei Spieler: nach Dortmund brauchen vielleicht Halbzeit Pause. Ich habe auch andere Mannschaften gesehen in Europa nach diese Mittwoch. Ich habe gesehen auch zwei Tage die Training. Ein Trainer ist nicht ein Idiot! Ein Trainer sei sehen was passieren in Platz. In diese Spiel es waren zwei, drei diese Spieler waren schwach wie eine Flasche leer! Haben Sie gesehen Mittwoch, welche Mannschaft hat gespielt Mittwoch? Hat gespielt Mehmet oder gespielt Basler oder hat gespielt Trapattoni? Diese Spieler beklagen mehr als sie spielen! Wissen Sie, warum die Italienmannschaften kaufen nicht diese Spieler? Weil wir haben gesehen viele Male solche Spiel! Haben gesagt sind nicht Spieler für die italienisch Meisters! Strunz! Strunz ist zwei Jahre hier, hat gespielt 10 Spiele, ist immer verletzt! Was erlauben Strunz? Letzte Jahre Meister Geworden mit Hamann, eh, Nerlinger. Diese Spieler waren Spieler! Waren Meister geworden! Ist immer verletzt! Hat gespielt 25 Spiele in diese Mannschaft', 54137051, 292949400, '2015-06-19 22:46:40', 1, 1, 0),
(42, 'Es gibt im Moment in diese Mannschaft, oh, einige Spieler vergessen ihnen Profi was sie sind. Ich lese nicht sehr viele Zeitungen, aber ich habe gehört viele Situationen. Erstens: wir haben nicht offensiv gespielt. Es gibt keine deutsche Mannschaft.', 'Es gibt im Moment in diese Mannschaft, oh, einige Spieler vergessen ihnen Profi was sie sind. Ich lese nicht sehr viele Zeitungen, aber ich habe gehört viele Situationen. Erstens: wir haben nicht offensiv gespielt. Es gibt keine deutsche Mannschaft spielt offensiv und die Name offensiv wie Bayern. Letzte Spiel hatten wir in Platz drei Spitzen: Elber, Jancka und dann Zickler. Wir müssen nicht vergessen Zickler. Zickler ist eine Spitzen mehr, Mehmet eh mehr Basler. Ist klar diese Wörter, ist möglich verstehen, was ich hab gesagt? Danke. Offensiv, offensiv ist wie machen wir in Platz. Zweitens: ich habe erklärt mit diese zwei Spieler: nach Dortmund brauchen vielleicht Halbzeit Pause. Ich habe auch andere Mannschaften gesehen in Europa nach diese Mittwoch. Ich habe gesehen auch zwei Tage die Training. Ein Trainer ist nicht ein Idiot! Ein Trainer sei sehen was passieren in Platz. In diese Spiel es waren zwei, drei diese Spieler waren schwach wie eine Flasche leer! Haben Sie gesehen Mittwoch, welche Mannschaft hat gespielt Mittwoch? Hat gespielt Mehmet oder gespielt Basler oder hat gespielt Trapattoni? Diese Spieler beklagen mehr als sie spielen! Wissen Sie, warum die Italienmannschaften kaufen nicht diese Spieler? Weil wir haben gesehen viele Male solche Spiel! Haben gesagt sind nicht Spieler für die italienisch Meisters! Strunz! Strunz ist zwei Jahre hier, hat gespielt 10 Spiele, ist immer verletzt! Was erlauben Strunz? Letzte Jahre Meister Geworden mit Hamann, eh, Nerlinger. Diese Spieler waren Spieler! Waren Meister geworden! Ist immer verletzt! Hat gespielt 25 Spiele in diese Mannschaft', 54137051, 513545843, '2015-06-19 22:46:40', 1, 1, 0),
(43, 'Es gibt im Moment in diese Mannschaft, oh, einige Spieler vergessen ihnen Profi was sie sind. Ich lese nicht sehr viele Zeitungen, aber ich habe gehört viele Situationen. Erstens: wir haben nicht offensiv gespielt. Es gibt keine deutsche Mannschaft.', 'Es gibt im Moment in diese Mannschaft, oh, einige Spieler vergessen ihnen Profi was sie sind. Ich lese nicht sehr viele Zeitungen, aber ich habe gehört viele Situationen. Erstens: wir haben nicht offensiv gespielt. Es gibt keine deutsche Mannschaft spielt offensiv und die Name offensiv wie Bayern. Letzte Spiel hatten wir in Platz drei Spitzen: Elber, Jancka und dann Zickler. Wir müssen nicht vergessen Zickler. Zickler ist eine Spitzen mehr, Mehmet eh mehr Basler. Ist klar diese Wörter, ist möglich verstehen, was ich hab gesagt? Danke. Offensiv, offensiv ist wie machen wir in Platz. Zweitens: ich habe erklärt mit diese zwei Spieler: nach Dortmund brauchen vielleicht Halbzeit Pause. Ich habe auch andere Mannschaften gesehen in Europa nach diese Mittwoch. Ich habe gesehen auch zwei Tage die Training. Ein Trainer ist nicht ein Idiot! Ein Trainer sei sehen was passieren in Platz. In diese Spiel es waren zwei, drei diese Spieler waren schwach wie eine Flasche leer! Haben Sie gesehen Mittwoch, welche Mannschaft hat gespielt Mittwoch? Hat gespielt Mehmet oder gespielt Basler oder hat gespielt Trapattoni? Diese Spieler beklagen mehr als sie spielen! Wissen Sie, warum die Italienmannschaften kaufen nicht diese Spieler? Weil wir haben gesehen viele Male solche Spiel! Haben gesagt sind nicht Spieler für die italienisch Meisters! Strunz! Strunz ist zwei Jahre hier, hat gespielt 10 Spiele, ist immer verletzt! Was erlauben Strunz? Letzte Jahre Meister Geworden mit Hamann, eh, Nerlinger. Diese Spieler waren Spieler! Waren Meister geworden! Ist immer verletzt! Hat gespielt 25 Spiele in diese Mannschaft', 54137051, 513545843, '2015-06-19 22:46:40', 1, 0, 0),
(44, 'Es gibt im Moment in diese Mannschaft, oh, einige Spieler vergessen ihnen Profi was sie sind. Ich lese nicht sehr viele Zeitungen, aber ich habe gehört viele Situationen. Erstens: wir haben nicht offensiv gespielt. Es gibt keine deutsche Mannschaft.', 'Es gibt im Moment in diese Mannschaft, oh, einige Spieler vergessen ihnen Profi was sie sind. Ich lese nicht sehr viele Zeitungen, aber ich habe gehört viele Situationen. Erstens: wir haben nicht offensiv gespielt. Es gibt keine deutsche Mannschaft spielt offensiv und die Name offensiv wie Bayern. Letzte Spiel hatten wir in Platz drei Spitzen: Elber, Jancka und dann Zickler. Wir müssen nicht vergessen Zickler. Zickler ist eine Spitzen mehr, Mehmet eh mehr Basler. Ist klar diese Wörter, ist möglich verstehen, was ich hab gesagt? Danke. Offensiv, offensiv ist wie machen wir in Platz. Zweitens: ich habe erklärt mit diese zwei Spieler: nach Dortmund brauchen vielleicht Halbzeit Pause. Ich habe auch andere Mannschaften gesehen in Europa nach diese Mittwoch. Ich habe gesehen auch zwei Tage die Training. Ein Trainer ist nicht ein Idiot! Ein Trainer sei sehen was passieren in Platz. In diese Spiel es waren zwei, drei diese Spieler waren schwach wie eine Flasche leer! Haben Sie gesehen Mittwoch, welche Mannschaft hat gespielt Mittwoch? Hat gespielt Mehmet oder gespielt Basler oder hat gespielt Trapattoni? Diese Spieler beklagen mehr als sie spielen! Wissen Sie, warum die Italienmannschaften kaufen nicht diese Spieler? Weil wir haben gesehen viele Male solche Spiel! Haben gesagt sind nicht Spieler für die italienisch Meisters! Strunz! Strunz ist zwei Jahre hier, hat gespielt 10 Spiele, ist immer verletzt! Was erlauben Strunz? Letzte Jahre Meister Geworden mit Hamann, eh, Nerlinger. Diese Spieler waren Spieler! Waren Meister geworden! Ist immer verletzt! Hat gespielt 25 Spiele in diese Mannschaft', 54137051, 513545843, '2015-06-19 22:46:40', 0, 0, 0),
(45, 'Es gibt im Moment in diese Mannschaft, oh, einige Spieler vergessen ihnen Profi was sie sind. Ich lese nicht sehr viele Zeitungen, aber ich habe gehört viele Situationen. Erstens: wir haben nicht offensiv gespielt. Es gibt keine deutsche Mannschaft.', 'Es gibt im Moment in diese Mannschaft, oh, einige Spieler vergessen ihnen Profi was sie sind. Ich lese nicht sehr viele Zeitungen, aber ich habe gehört viele Situationen. Erstens: wir haben nicht offensiv gespielt. Es gibt keine deutsche Mannschaft spielt offensiv und die Name offensiv wie Bayern. Letzte Spiel hatten wir in Platz drei Spitzen: Elber, Jancka und dann Zickler. Wir müssen nicht vergessen Zickler. Zickler ist eine Spitzen mehr, Mehmet eh mehr Basler. Ist klar diese Wörter, ist möglich verstehen, was ich hab gesagt? Danke. Offensiv, offensiv ist wie machen wir in Platz. Zweitens: ich habe erklärt mit diese zwei Spieler: nach Dortmund brauchen vielleicht Halbzeit Pause. Ich habe auch andere Mannschaften gesehen in Europa nach diese Mittwoch. Ich habe gesehen auch zwei Tage die Training. Ein Trainer ist nicht ein Idiot! Ein Trainer sei sehen was passieren in Platz. In diese Spiel es waren zwei, drei diese Spieler waren schwach wie eine Flasche leer! Haben Sie gesehen Mittwoch, welche Mannschaft hat gespielt Mittwoch? Hat gespielt Mehmet oder gespielt Basler oder hat gespielt Trapattoni? Diese Spieler beklagen mehr als sie spielen! Wissen Sie, warum die Italienmannschaften kaufen nicht diese Spieler? Weil wir haben gesehen viele Male solche Spiel! Haben gesagt sind nicht Spieler für die italienisch Meisters! Strunz! Strunz ist zwei Jahre hier, hat gespielt 10 Spiele, ist immer verletzt! Was erlauben Strunz? Letzte Jahre Meister Geworden mit Hamann, eh, Nerlinger. Diese Spieler waren Spieler! Waren Meister geworden! Ist immer verletzt! Hat gespielt 25 Spiele in diese Mannschaft', 54137051, 513545843, '2015-06-19 22:46:40', 1, 1, 0),
(46, 'Es gibt im Moment in diese Mannschaft, oh, einige Spieler vergessen ihnen Profi was sie sind. Ich lese nicht sehr viele Zeitungen, aber ich habe gehört viele Situationen. Erstens: wir haben nicht offensiv gespielt. Es gibt keine deutsche Mannschaft.', 'Es gibt im Moment in diese Mannschaft, oh, einige Spieler vergessen ihnen Profi was sie sind. Ich lese nicht sehr viele Zeitungen, aber ich habe gehört viele Situationen. Erstens: wir haben nicht offensiv gespielt. Es gibt keine deutsche Mannschaft spielt offensiv und die Name offensiv wie Bayern. Letzte Spiel hatten wir in Platz drei Spitzen: Elber, Jancka und dann Zickler. Wir müssen nicht vergessen Zickler. Zickler ist eine Spitzen mehr, Mehmet eh mehr Basler. Ist klar diese Wörter, ist möglich verstehen, was ich hab gesagt? Danke. Offensiv, offensiv ist wie machen wir in Platz. Zweitens: ich habe erklärt mit diese zwei Spieler: nach Dortmund brauchen vielleicht Halbzeit Pause. Ich habe auch andere Mannschaften gesehen in Europa nach diese Mittwoch. Ich habe gesehen auch zwei Tage die Training. Ein Trainer ist nicht ein Idiot! Ein Trainer sei sehen was passieren in Platz. In diese Spiel es waren zwei, drei diese Spieler waren schwach wie eine Flasche leer! Haben Sie gesehen Mittwoch, welche Mannschaft hat gespielt Mittwoch? Hat gespielt Mehmet oder gespielt Basler oder hat gespielt Trapattoni? Diese Spieler beklagen mehr als sie spielen! Wissen Sie, warum die Italienmannschaften kaufen nicht diese Spieler? Weil wir haben gesehen viele Male solche Spiel! Haben gesagt sind nicht Spieler für die italienisch Meisters! Strunz! Strunz ist zwei Jahre hier, hat gespielt 10 Spiele, ist immer verletzt! Was erlauben Strunz? Letzte Jahre Meister Geworden mit Hamann, eh, Nerlinger. Diese Spieler waren Spieler! Waren Meister geworden! Ist immer verletzt! Hat gespielt 25 Spiele in diese Mannschaft', 54137051, 513545843, '2015-06-19 22:46:40', 0, 0, 0),
(47, 'Es gibt im Moment in diese Mannschaft, oh, einige Spieler vergessen ihnen Profi was sie sind. Ich lese nicht sehr viele Zeitungen, aber ich habe gehört viele Situationen. Erstens: wir haben nicht offensiv gespielt. Es gibt keine deutsche Mannschaft.', 'Es gibt im Moment in diese Mannschaft, oh, einige Spieler vergessen ihnen Profi was sie sind. Ich lese nicht sehr viele Zeitungen, aber ich habe gehört viele Situationen. Erstens: wir haben nicht offensiv gespielt. Es gibt keine deutsche Mannschaft spielt offensiv und die Name offensiv wie Bayern. Letzte Spiel hatten wir in Platz drei Spitzen: Elber, Jancka und dann Zickler. Wir müssen nicht vergessen Zickler. Zickler ist eine Spitzen mehr, Mehmet eh mehr Basler. Ist klar diese Wörter, ist möglich verstehen, was ich hab gesagt? Danke. Offensiv, offensiv ist wie machen wir in Platz. Zweitens: ich habe erklärt mit diese zwei Spieler: nach Dortmund brauchen vielleicht Halbzeit Pause. Ich habe auch andere Mannschaften gesehen in Europa nach diese Mittwoch. Ich habe gesehen auch zwei Tage die Training. Ein Trainer ist nicht ein Idiot! Ein Trainer sei sehen was passieren in Platz. In diese Spiel es waren zwei, drei diese Spieler waren schwach wie eine Flasche leer! Haben Sie gesehen Mittwoch, welche Mannschaft hat gespielt Mittwoch? Hat gespielt Mehmet oder gespielt Basler oder hat gespielt Trapattoni? Diese Spieler beklagen mehr als sie spielen! Wissen Sie, warum die Italienmannschaften kaufen nicht diese Spieler? Weil wir haben gesehen viele Male solche Spiel! Haben gesagt sind nicht Spieler für die italienisch Meisters! Strunz! Strunz ist zwei Jahre hier, hat gespielt 10 Spiele, ist immer verletzt! Was erlauben Strunz? Letzte Jahre Meister Geworden mit Hamann, eh, Nerlinger. Diese Spieler waren Spieler! Waren Meister geworden! Ist immer verletzt! Hat gespielt 25 Spiele in diese Mannschaft', 54137051, 513545843, '2015-06-19 22:46:40', 0, 1, 0),
(48, 'Es gibt im Moment in diese Mannschaft, oh, einige Spieler vergessen ihnen Profi was sie sind. Ich lese nicht sehr viele Zeitungen, aber ich habe gehört viele Situationen. Erstens: wir haben nicht offensiv gespielt. Es gibt keine deutsche Mannschaft.', 'Es gibt im Moment in diese Mannschaft, oh, einige Spieler vergessen ihnen Profi was sie sind. Ich lese nicht sehr viele Zeitungen, aber ich habe gehört viele Situationen. Erstens: wir haben nicht offensiv gespielt. Es gibt keine deutsche Mannschaft spielt offensiv und die Name offensiv wie Bayern. Letzte Spiel hatten wir in Platz drei Spitzen: Elber, Jancka und dann Zickler. Wir müssen nicht vergessen Zickler. Zickler ist eine Spitzen mehr, Mehmet eh mehr Basler. Ist klar diese Wörter, ist möglich verstehen, was ich hab gesagt? Danke. Offensiv, offensiv ist wie machen wir in Platz. Zweitens: ich habe erklärt mit diese zwei Spieler: nach Dortmund brauchen vielleicht Halbzeit Pause. Ich habe auch andere Mannschaften gesehen in Europa nach diese Mittwoch. Ich habe gesehen auch zwei Tage die Training. Ein Trainer ist nicht ein Idiot! Ein Trainer sei sehen was passieren in Platz. In diese Spiel es waren zwei, drei diese Spieler waren schwach wie eine Flasche leer! Haben Sie gesehen Mittwoch, welche Mannschaft hat gespielt Mittwoch? Hat gespielt Mehmet oder gespielt Basler oder hat gespielt Trapattoni? Diese Spieler beklagen mehr als sie spielen! Wissen Sie, warum die Italienmannschaften kaufen nicht diese Spieler? Weil wir haben gesehen viele Male solche Spiel! Haben gesagt sind nicht Spieler für die italienisch Meisters! Strunz! Strunz ist zwei Jahre hier, hat gespielt 10 Spiele, ist immer verletzt! Was erlauben Strunz? Letzte Jahre Meister Geworden mit Hamann, eh, Nerlinger. Diese Spieler waren Spieler! Waren Meister geworden! Ist immer verletzt! Hat gespielt 25 Spiele in diese Mannschaft', 54137051, 513545843, '2015-06-19 22:46:40', 0, 0, 0),
(49, 'Es gibt im Moment in diese Mannschaft, oh, einige Spieler vergessen ihnen Profi was sie sind. Ich lese nicht sehr viele Zeitungen, aber ich habe gehört viele Situationen. Erstens: wir haben nicht offensiv gespielt. Es gibt keine deutsche Mannschaft.', 'Es gibt im Moment in diese Mannschaft, oh, einige Spieler vergessen ihnen Profi was sie sind. Ich lese nicht sehr viele Zeitungen, aber ich habe gehört viele Situationen. Erstens: wir haben nicht offensiv gespielt. Es gibt keine deutsche Mannschaft spielt offensiv und die Name offensiv wie Bayern. Letzte Spiel hatten wir in Platz drei Spitzen: Elber, Jancka und dann Zickler. Wir müssen nicht vergessen Zickler. Zickler ist eine Spitzen mehr, Mehmet eh mehr Basler. Ist klar diese Wörter, ist möglich verstehen, was ich hab gesagt? Danke. Offensiv, offensiv ist wie machen wir in Platz. Zweitens: ich habe erklärt mit diese zwei Spieler: nach Dortmund brauchen vielleicht Halbzeit Pause. Ich habe auch andere Mannschaften gesehen in Europa nach diese Mittwoch. Ich habe gesehen auch zwei Tage die Training. Ein Trainer ist nicht ein Idiot! Ein Trainer sei sehen was passieren in Platz. In diese Spiel es waren zwei, drei diese Spieler waren schwach wie eine Flasche leer! Haben Sie gesehen Mittwoch, welche Mannschaft hat gespielt Mittwoch? Hat gespielt Mehmet oder gespielt Basler oder hat gespielt Trapattoni? Diese Spieler beklagen mehr als sie spielen! Wissen Sie, warum die Italienmannschaften kaufen nicht diese Spieler? Weil wir haben gesehen viele Male solche Spiel! Haben gesagt sind nicht Spieler für die italienisch Meisters! Strunz! Strunz ist zwei Jahre hier, hat gespielt 10 Spiele, ist immer verletzt! Was erlauben Strunz? Letzte Jahre Meister Geworden mit Hamann, eh, Nerlinger. Diese Spieler waren Spieler! Waren Meister geworden! Ist immer verletzt! Hat gespielt 25 Spiele in diese Mannschaft', 54137051, 513545843, '2015-06-19 22:46:40', 0, 1, 0),
(50, 'Es gibt im Moment in diese Mannschaft, oh, einige Spieler vergessen ihnen Profi was sie sind. Ich lese nicht sehr viele Zeitungen, aber ich habe gehört viele Situationen. Erstens: wir haben nicht offensiv gespielt. Es gibt keine deutsche Mannschaft.', 'Es gibt im Moment in diese Mannschaft, oh, einige Spieler vergessen ihnen Profi was sie sind. Ich lese nicht sehr viele Zeitungen, aber ich habe gehört viele Situationen. Erstens: wir haben nicht offensiv gespielt. Es gibt keine deutsche Mannschaft spielt offensiv und die Name offensiv wie Bayern. Letzte Spiel hatten wir in Platz drei Spitzen: Elber, Jancka und dann Zickler. Wir müssen nicht vergessen Zickler. Zickler ist eine Spitzen mehr, Mehmet eh mehr Basler. Ist klar diese Wörter, ist möglich verstehen, was ich hab gesagt? Danke. Offensiv, offensiv ist wie machen wir in Platz. Zweitens: ich habe erklärt mit diese zwei Spieler: nach Dortmund brauchen vielleicht Halbzeit Pause. Ich habe auch andere Mannschaften gesehen in Europa nach diese Mittwoch. Ich habe gesehen auch zwei Tage die Training. Ein Trainer ist nicht ein Idiot! Ein Trainer sei sehen was passieren in Platz. In diese Spiel es waren zwei, drei diese Spieler waren schwach wie eine Flasche leer! Haben Sie gesehen Mittwoch, welche Mannschaft hat gespielt Mittwoch? Hat gespielt Mehmet oder gespielt Basler oder hat gespielt Trapattoni? Diese Spieler beklagen mehr als sie spielen! Wissen Sie, warum die Italienmannschaften kaufen nicht diese Spieler? Weil wir haben gesehen viele Male solche Spiel! Haben gesagt sind nicht Spieler für die italienisch Meisters! Strunz! Strunz ist zwei Jahre hier, hat gespielt 10 Spiele, ist immer verletzt! Was erlauben Strunz? Letzte Jahre Meister Geworden mit Hamann, eh, Nerlinger. Diese Spieler waren Spieler! Waren Meister geworden! Ist immer verletzt! Hat gespielt 25 Spiele in diese Mannschaft', 54137051, 513545843, '2015-06-19 22:46:40', 0, 1, 0);


--
-- Daten für Tabelle `cover`
--

INSERT INTO `cover` (`id`, `title`, `attachment_id`, `created_at`) VALUES
(1, '2eyNcUVU2XPKj0QNyMUYp7qRL4kUvv1aKMLhfagNZuj1jvL1Xsxec7ukONb1NzcZcguOazuMUeeqwyvloKreaT2NogafL9gU2u3X8', 2077588739, '2015-06-19 22:46:40'),
(2, 'iKfxvb8SLeSeqsboL8e3R7Ss9aXchMgn7he9e8hZRuQRcOkr1g6eUYMW0jbz9us2hLhtbeWMKPPkq0uVfjxz3XgUZWewPenabk4ofilhWpzRuMul3M0XnOed5qvaT6bQq65rZeQkQcobmkMXs9KLSdi8cKjuSRUfkQcSMihw', 2077588739, '2015-06-19 22:46:40'),
(3, 'iOQfTZK8nazXt2QfarUtauU42WNW8KcclfWcKgThYrdjlhmctXqVUbmaVSToLQv3XR77Z64TrcgcaTfhgaVXbeT38O3uW0hd46cs7PoVUbdgpe85OKW3eLfiUhz13YclZebLlTefgUTtReR9ZZVMdyqkldb9PqifN', 2077588739, '2015-06-19 22:46:40'),
(4, 'OLQlseTa5meit4rbQT2efOp5ds64v9q3inhtfwLPZ85eYgXfcX5iefgp84MeYZ3s5SZhS0j3hi5T', 2077588739, '2015-06-19 22:46:40'),
(5, 'YTyeiZdkdMxgTTXpK1RSq8cm5Kb0L37ZbZls3Z3YrfKSPo9bdkQWNYZ5McLcUPRS7Nvg7uc48z6W2xON0zhc500O5ngTX9V3cRZxWTbp0Z1KPVL7N3iXRz9KK1dt8USbqTm', 2077588739, '2015-06-19 22:46:40'),
(6, 'lhQZtSvzccWo', 2077588739, '2015-06-19 22:46:40'),
(7, 'YboLfnqavhRjM5zWhVl1whqN535d4UjhcZjpQU9RVn7a7QrznMW7Vqhn262jrUcfd7U2lrib1YdUs3bMqlXWbi', 2077588739, '2015-06-19 22:46:40'),
(8, 'VLXUn9XXpxUp', 2077588739, '2015-06-19 22:46:40'),
(9, 'V3wicczS8Khn1M4qbUji95n2TdvQN15elSldeYTUhbnkhZkaMkos80kmi1mNQcoej3TslXYkcRqeyZYl57Y2egQTtNMb0K64nbrqsfMMryYVMe5dS45lonml08tu8w4MkV07TL16MZaoohWYl1gtRfhszptW4fwwXSgwVh7o9f3aiuYsffoxTiaaNLVjMc79KnWpiVakhnbqxbt2Ux9as3z', 2077588739, '2015-06-19 22:46:40'),
(10, 'bTacsfUfnqmQffd1X7MQgY6wciwW68c4a1SP1Ps2c', 2077588739, '2015-06-19 22:46:40'),
(11, 'UQWhacSdfLinSKkbgdLgcdR9ufjcgwRdqjUpbchaonxh1s4Pa8M2xLf2Mjm1ojNf9bZ1i5gdcTesaW03UmimUj9yV3afjzUOeVqrXq5WzjU0iidXhqss6Vr9QaMTO4QwfVyL3LjTd', 2077588739, '2015-06-19 22:46:40'),
(12, 'OynffvQfjWj6lttgp8nKOcfyqTcyea8VihfbmjePypmdjz44654MQRloch3deovYj9NUSOKVxNsbQvYVZ33yk1dkVP0h49Ygwt4d4voZ48y02bqydPf6WwTgss4sqLVjh7U6Mjb1Zc6vZusKv9TS3RgRqylMcvy51XxRNrhib9peUjbq9grMy5q347lTLihcgg5uv1X9cfY5ng', 2077588739, '2015-06-19 22:46:40'),
(13, 'ou92c8dp6kzbQpMdywrXKXj4fbKgLOeWfheLjLdTeVThOvx7WaZZg3NimhZTZiuoLQ0534f1XcmUbu1xh7sV7uhZajn4cZa6hb3eUaxgvc2OiQnTV3xNujkXsvaaqoPyxSSLrjcrOchcKP1dad60473eg41jisSrogeXilKTjW4jziagbfMLjpbU1Ua8LWWOidiKSrk2aeeN9OX9K', 2077588739, '2015-06-19 22:46:40'),
(14, 'TkfnXKgWh45lnRdjTNKT6n7g6KWeiQi3zh6yRadsiv0X1w0O7cn2OvtMdLU2YxnoN7u4VtU9Ojagh4sjQSP3a1k0cQQtR3adUT5hMQOiih8av0', 2077588739, '2015-06-19 22:46:40'),
(15, 'M64TbMohq6nnmY9wRRgaVZu0hbWeoLpgyzeK4yahL592e9oX6kL4Sgslz5aTTWcs7nOxc6VZO7QLKsZ3hd7KdP75SoiytQMwZ0UfmctRz8k6X0ijYUNbTyX7gfk2fbhTPLV5dQyUqvpgXf0k9RPgbjsaQWKYQkn2KkYzViikeaz9fqXiLiz8Z4ZaSxjbjkXYNoh6MsO7w6dqKWdq9rWcobmgyg7U8', 2077588739, '2015-06-19 22:46:40'),
(16, 'bQspOVdTXsVgfZtdUTvQmu6Upl5jjRLvmQlT51icWN5KzoyWh0y0yhgV3L', 2077588739, '2015-06-19 22:46:40'),
(17, 'dLfrsKhQLP3ZXr982RMbo1VT1f3bwhe0h19NsPZo0obLP7sZpcfbiZbhkS763scQmsqja7UOxsKy0huTajVyM7g13g4a0Y0jRcV5hgKfycpxcmSd9LaKZ4QLmaahdYmoXj8XX316ySwfS2aqPfcxygbWQ3hKOTaWPLjUMLQ20RNgQlkZUQjqK2T3mwrpcRebew2wRar61iKa7eitX93yOPv5qRYcPmaj8ihu4jxP0ltK6g8gR', 2077588739, '2015-06-19 22:46:40'),
(18, 'zrrZQSiP5SRY89ca3UazTbic8Uoj7jPNRLgySR5WfgLyTToi6nySjjm8oYdcVY23Tdfgccy3hcbY8Pnx2uP0jXzYdzbq3iXZ0L7aU7hbVeVPVctsc3Zr5ijn', 2077588739, '2015-06-19 22:46:40'),
(19, 'R2xbdrhutqU5ffYKfsS35MOkkShT9N4MU66Mod9kglscZjZfN931eQdeR9v0xePZz6cdMb1XpO9UtS4u', 2077588739, '2015-06-19 22:46:40'),
(20, 'X330', 2077588739, '2015-06-19 22:46:40'),
(21, '6kSxi29pxk31d7PzVyjoNkhb4iQLP6kfnZ7kOg7d0weL5S1axtab0ggQdesh1pc7dzbkiRP3aUla3ggrdmekfwnMtVfrdc3WyUS6SYqgZNbtmawhZiyp6sloY9kd8U6kyvM0L3gykNdndkZdSjvgab9MwUkl5e3daQ8OQZRdeWo', 2077588739, '2015-06-19 22:46:40'),
(22, 'sbsQbUKoPNsUeKYKkVheZZcMgj7t4fTu7hpUKOn6hMTjfe8cdoYNhgKLi29pU163fmMSmdohTdhyXk46rgPTv', 2077588739, '2015-06-19 22:46:40'),
(23, 'Mwbgdq5nQxN0YnXd6TqPasc9Ti8mub8N1pRRaWeZO2gVLOliZTYT3fmMLLLhZNXdrgfuN0esfNN', 2077588739, '2015-06-19 22:46:40'),
(24, 'hd7fbeOi13Q4zXZ5hfPQYSde3250fLj0jfr4e5lm2iTWS221Uegia9tS3wyo4XaZPKdcO97ikNVjXcr6OP3L3r1afzZ97iPjKmvm4Yyk5e0h', 2077588739, '2015-06-19 22:46:40'),
(25, 'Z7Ou', 2077588739, '2015-06-19 22:46:40'),
(26, 'gNbvpeh7R71Qf7Qo1rSzthVvyi5dfpLNd7gjq3zPgOgmWhfepMVrR4eXieRL1OuagMY5f5T3Ky4T4a7YUd3VhShKVqOS71NPmUdoahKec9g2bLgLT8mMTfx37fv6QOgzR5NKSjcujeZOY', 2077588739, '2015-06-19 22:46:40'),
(27, 'pe61itThZ76nhMtXKblVhNiamxPZUWza8eVgqpK7706NL78ZbPqaQ6dcPmnU6Ko0XOgMi86UyYcxXaNmec3iztiWcgMSO2Wb5OdcaOUzMafjW19kXsiN4w3g8PUg7uV8veVSRh4dYnYVXO7fn8wqSh0VjQd9mK5zgokwvXg', 2077588739, '2015-06-19 22:46:40'),
(28, 'fOVawvadpii3YcZhybvOyYq054gr6fLuMblMPjzXhaW1', 2077588739, '2015-06-19 22:46:40'),
(29, 'PLM3XVWWKqxz7uZnrT2hjc7z6d0Vebf2aZX9wq0anWq7avj2VV8b6NplLQa4xpi6873w0g26qe2PKZjg9ywbogroRdPWcjpP7s2eV79XiWqTulXkbQc2fOUq52ngiqaSYU0RcevUlrs8ZWZw93qa1RSdMYeO2VjtYgVKomKi8o46wcMoc1glnYn8dg2KuM2UkNdoNjcUKf', 2077588739, '2015-06-19 22:46:40'),
(30, 'iQwaUtkOh9Rjbp5NgSftqTZQRhqbSkgaQvWSQ39Pibagp9U6hUTdg1qo3sRtfvb8reVQOPaYiMhzdQiXaXRvnQ8hMmSrqc3R9iQV1jgQNkdqvUscgjdKiieWd4Op7shuwkcQZcWhYO72gqNXdePrtQusM', 2077588739, '2015-06-19 22:46:40'),
(31, 'nhQehobu1b53y', 2077588739, '2015-06-19 22:46:40'),
(32, 'egVayeiz1fNggTeUbPxa5xYY6zsMXmin1LLRdwb3VxcyKnaZeQg4jchjLclhxhX0f8RzTgkcP3xlihpUZOgedmL33pkomMQ1hVgYNORlPMaWp3ZeehVaeVeechhi5djQcyweXLgaZ7jNY9f1eZQgfuactU45n9jTgseRxckhwNiaSifuLzTv9NuncgpXPeixn0kWwvb90el3KVihw6udXuuY601MWXmaNiW8YPdweWbVdK9OjjVywKvimZOOd', 2077588739, '2015-06-19 22:46:40'),
(33, 'XayUZmjOS6QXw8i91274', 2077588739, '2015-06-19 22:46:40'),
(34, '5', 2077588739, '2015-06-19 22:46:40'),
(35, 'bc', 2077588739, '2015-06-19 22:46:40'),
(36, 'bZ6Qzhpo', 2077588739, '2015-06-19 22:46:40'),
(37, 'VMg0iUZt8xd9ZhgaML1y4X11ybPeao0jewjMSX4m7Mb6anMSMN1dwU9nWjj7T1VddO2pjgcTh6omcOf9iMgUbfo4iyoPXmpfW1gxVjWShe6t4SNSjZaYegogX6sWVjzR01pN8li7che7f7eTadfT1Yu8gjKaWb3W9nx3OYz', 2077588739, '2015-06-19 22:46:40'),
(38, 'Oe2fOk8l9g4Uj1USneVabbWgfivpbN1TLyt0QKbs8WrXkjvL9cNqe5aQcePQLh9nfiqR9QR8qwtkbiM9KhdpZeUMjimUVegjy76iph2bf3Seu4R1mwyvOibivsbV8bj1eTSfU7VQXiNsdc5ujOngfPrvRhWbQOgnUvUd9OqT2P9wibgQlyxbdOgfiTgvxY8syjShu1Oye8Xlsbh6XfisP7r', 2077588739, '2015-06-19 22:46:40'),
(39, 'jhYPOarNNl1KZwy3m9Uti4bUahfnn3uzYthOcQmMgm0aQ5dilTT3TMrrUZiRL5Q5dlM2Q19Q4TgPfe', 2077588739, '2015-06-19 22:46:40'),
(40, 'cLVL5xaWKModq00di0dsjQXvYheLW4gp4bjsuwM2WUa9d61lcgddVMXjajuQMVsc0nQrOQ8971UR77iv2WwQ', 2077588739, '2015-06-19 22:46:40'),
(41, 'XgjaXTcXbxZii9aW1oj8p3vK9pXv0p8cTZcwPj4bWfvglv7eyQpMSSfR7UPXL2SlUqiRLOhz0ZghV3sm17Nx3seZjKO7isiOo9LlzcXhel1NXQ3M0aKb9tRcvTTqV5hzjqTejp55sVfhzfVk48vmdMU4LgiXXPkgyLgocPXctUKha6OgUlf3yasWT27Pbi3kigWjdON49Xrq8oi01a2d4hbV0XWdj40V', 2077588739, '2015-06-19 22:46:40'),
(42, 'Lej7k5SgMdpgcUxhgeaOy9dYz1qsekKmbZnh5', 2077588739, '2015-06-19 22:46:40'),
(43, 'vTky7KvzQTnXz6tohcTR98kbvYbdazgc8NWKh', 2077588739, '2015-06-19 22:46:40'),
(44, 'T8XkjeQquoWdeffsx', 2077588739, '2015-06-19 22:46:40'),
(45, 'P4NdUy30qcwUjTpm5qgrQjNiiUnciUj5Pn2Q9bwxya9zcKMcrfyjPWrWMyhanorweo7hi4bS5hVirtzTaW3u5OTgKsx7XKtgOddQg4ejifjWihueSagU51jKa5jfzZeZ8W1pXaaerP7QWqzwK5Np03QSOiPue6', 2077588739, '2015-06-19 22:46:40'),
(46, 'jQvdShNXwXeysbYigj0aULTSaSWoiuWS6X9qSr6c7WYk9hUZaoXbRfabXMxgNa88lfu5vaycYvMY2bpRiyjhYvK49axbXk1YeyvdVykwcZZ17S0gkggRcibjet7aj4yXz5xgZjadKUjQR2tjfenub4niYir3ethaNUnlaNUT', 2077588739, '2015-06-19 22:46:40'),
(47, 'b8U3yrPuUVgazrlTW5ejrqsswqNj0p', 2077588739, '2015-06-19 22:46:40'),
(48, '16g0i9ouwyhK', 2077588739, '2015-06-19 22:46:40'),
(49, 'qdSPjmawc55LK5UWnNhLQ21blNiR8YMfRoxXd', 2077588739, '2015-06-19 22:46:40'),
(50, 'keirenMwgdoxTXnbieuwXaNVae5c8bwt0cOVNu2ueZQw7Lsoh7deXYKPTvN6LSeRYf7ihii4zWXKrw7kYVyiRhsLofm119YSdnKj9WjeOTkfovu28fgdwZMR3hWg7NOOjiNky3bzk8bhdjXf5UdvhUWodjuPjdQq1fbbThVVec7Wa6kq8RhrM5nZqeY6ib8y5UXhbaYMnnQLmqufwi6dghd3ZZKafw2SijVqV5gbeS8cxe', 2077588739, '2015-06-19 22:46:40');


--
-- Daten für Tabelle `resume_school`
--

INSERT INTO `resume_school` (`id`, `user_id`, `begin`, `end`, `schoolname`, `current`, `report_id`, `graduation`) VALUES
(1, 1579121708, '1956-12-01', '2020-07-25', 'ABC Gymnasium', 0, 262305092, 'Ich hab Ghettoabitur, guck auf das Armutszeugnis'),
(2, 1579121708, '2007-12-23', '2006-06-25', 'ABC Hauptschuläää', 0, 262305092, 'Hauptschuläää-Abschluss'),
(3, 1579121708, '1993-10-04', '2011-02-22', 'ABC Hauptschuläää', 1, 262305092, 'Realschulabschluss'),
(4, 1579121708, '1966-04-09', '2004-01-17', 'ABC Hauptschuläää', 0, 262305092, 'Ich hab Ghettoabitur, guck auf das Armutszeugnis'),
(5, 1579121708, '1964-03-04', '2009-03-28', 'ABC Hauptschuläää', 1, 262305092, 'Hauptschuläää-Abschluss'),
(6, 1579121708, '1982-04-23', '2017-08-16', 'ABC Hauptschuläää', 1, 262305092, 'Realschulabschluss'),
(7, 1579121708, '1981-01-29', '2017-03-29', 'ABC Hauptschuläää', 1, 262305092, 'Realschulabschluss'),
(8, 1579121708, '1989-06-29', '2002-12-11', 'ABC Realschule', 1, 262305092, 'Ich hab Ghettoabitur, guck auf das Armutszeugnis'),
(9, 1579121708, '1973-04-24', '2004-05-07', 'ABC Realschule', 1, 262305092, 'Hauptschuläää-Abschluss'),
(10, 1579121708, '1979-09-11', '2012-02-22', 'ABC Gymnasium', 1, 262305092, 'Hauptschuläää-Abschluss'),
(11, 1579121708, '2014-05-09', '2020-02-12', 'ABC Realschule', 0, 262305092, 'Ich hab Ghettoabitur, guck auf das Armutszeugnis'),
(12, 202263084, '1985-03-05', '2011-09-14', 'ABC Realschule', 0, 262305092, 'Realschulabschluss'),
(13, 202263084, '1953-11-03', '2001-10-07', 'ABC Realschule', 0, 262305092, 'Ich hab Ghettoabitur, guck auf das Armutszeugnis'),
(14, 202263084, '1963-03-04', '2000-01-13', 'ABC Realschule', 0, 262305092, 'Ich hab Ghettoabitur, guck auf das Armutszeugnis'),
(15, 202263084, '1966-01-20', '2009-10-26', 'ABC Realschule', 0, 262305092, 'Realschulabschluss'),
(16, 202263084, '2000-12-13', '2017-03-05', 'ABC Gymnasium', 0, 262305092, 'Ich hab Ghettoabitur, guck auf das Armutszeugnis'),
(17, 202263084, '1972-01-14', '2014-12-23', 'ABC Realschule', 1, 262305092, 'Ich hab Ghettoabitur, guck auf das Armutszeugnis'),
(18, 202263084, '2009-08-18', '2014-02-05', 'ABC Realschule', 0, 262305092, 'Ich hab Ghettoabitur, guck auf das Armutszeugnis'),
(19, 202263084, '1967-02-27', '2019-09-04', 'ABC Realschule', 0, 262305092, 'Hauptschuläää-Abschluss'),
(20, 202263084, '1984-02-02', '2016-04-19', 'ABC Realschule', 0, 262305092, 'Ich hab Ghettoabitur, guck auf das Armutszeugnis'),
(21, 756288502, '1965-07-29', '2017-06-12', 'ABC Hauptschuläää', 0, 262305092, 'Realschulabschluss'),
(22, 756288502, '1998-08-06', '2017-03-05', 'ABC Hauptschuläää', 1, 262305092, 'Realschulabschluss'),
(23, 756288502, '1952-02-21', '2013-06-19', 'ABC Hauptschuläää', 0, 262305092, 'Realschulabschluss'),
(24, 756288502, '2001-05-22', '2001-09-21', 'ABC Realschule', 1, 262305092, 'Hauptschuläää-Abschluss'),
(25, 756288502, '1967-07-20', '2014-10-25', 'ABC Hauptschuläää', 0, 262305092, 'Hauptschuläää-Abschluss'),
(26, 756288502, '1959-08-03', '2005-04-03', 'ABC Gymnasium', 1, 262305092, 'Realschulabschluss'),
(27, 756288502, '1994-10-23', '2016-10-10', 'ABC Hauptschuläää', 0, 262305092, 'Hauptschuläää-Abschluss'),
(28, 756288502, '1962-11-19', '2019-02-01', 'ABC Hauptschuläää', 1, 262305092, 'Hauptschuläää-Abschluss'),
(29, 756288502, '1956-04-02', '2010-06-09', 'ABC Gymnasium', 0, 262305092, 'Realschulabschluss'),
(30, 756288502, '2001-10-05', '2018-10-30', 'ABC Gymnasium', 0, 262305092, 'Realschulabschluss'),
(31, 459895567, '1977-10-01', '2006-05-11', 'ABC Hauptschuläää', 1, 262305092, 'Hauptschuläää-Abschluss'),
(32, 459895567, '1993-06-13', '2000-10-10', 'ABC Hauptschuläää', 1, 262305092, 'Realschulabschluss'),
(33, 459895567, '1987-04-21', '2011-05-01', 'ABC Hauptschuläää', 0, 262305092, 'Hauptschuläää-Abschluss'),
(34, 459895567, '1991-02-03', '2019-03-01', 'ABC Gymnasium', 0, 262305092, 'Realschulabschluss'),
(35, 459895567, '1961-04-28', '2020-05-10', 'ABC Gymnasium', 0, 262305092, 'Hauptschuläää-Abschluss'),
(36, 459895567, '1983-04-17', '2009-12-08', 'ABC Gymnasium', 1, 262305092, 'Ich hab Ghettoabitur, guck auf das Armutszeugnis'),
(37, 459895567, '1997-01-05', '2007-06-16', 'ABC Realschule', 1, 262305092, 'Hauptschuläää-Abschluss'),
(38, 459895567, '1985-09-02', '2016-11-16', 'ABC Realschule', 0, 262305092, 'Hauptschuläää-Abschluss'),
(39, 459895567, '1995-08-07', '2010-10-24', 'ABC Gymnasium', 0, 262305092, 'Realschulabschluss'),
(40, 609227796, '1976-01-19', '2012-09-29', 'ABC Hauptschuläää', 0, 262305092, 'Hauptschuläää-Abschluss'),
(41, 459895567, '2011-06-03', '2001-04-26', 'ABC Realschule', 1, 262305092, 'Hauptschuläää-Abschluss'),
(42, 609227796, '2001-12-27', '2010-11-21', 'ABC Hauptschuläää', 0, 262305092, 'Realschulabschluss'),
(43, 609227796, '2015-08-17', '2007-10-14', 'ABC Gymnasium', 0, 262305092, 'Hauptschuläää-Abschluss'),
(44, 609227796, '1982-05-13', '2005-04-20', 'ABC Hauptschuläää', 0, 262305092, 'Realschulabschluss'),
(45, 609227796, '2012-10-23', '2014-05-11', 'ABC Hauptschuläää', 1, 262305092, 'Hauptschuläää-Abschluss'),
(46, 609227796, '1962-05-07', '2004-08-21', 'ABC Hauptschuläää', 1, 262305092, 'Realschulabschluss'),
(47, 609227796, '2015-04-27', '2016-06-12', 'ABC Hauptschuläää', 1, 262305092, 'Hauptschuläää-Abschluss'),
(48, 609227796, '1983-04-01', '2002-12-30', 'ABC Hauptschuläää', 0, 262305092, 'Hauptschuläää-Abschluss'),
(49, 609227796, '2007-08-09', '2017-03-07', 'ABC Gymnasium', 0, 262305092, 'Hauptschuläää-Abschluss'),
(50, 609227796, '1987-08-19', '2014-12-07', 'ABC Gymnasium', 1, 262305092, 'Hauptschuläää-Abschluss');


--
-- Daten für Tabelle `application`
--

INSERT INTO `application` (`id`, `user_id`, `company_id`, `job_id`, `score`, `state`, `sent`, `read`, `archived`, `created_at`, `btn_id`) VALUES
(1, 1807488793, 3, 478690760, 49, 'Gespeichert', 0, 0, 0, '2015-06-19 22:46:40', 34),
(2, 412882656, 33, 478690760, 63, 'Gespeichert', 0, 0, 0, '2015-06-19 22:46:40', 35),
(3, 412882656, 35, 478690760, 23, 'Gespeichert', 0, 0, 0, '2015-06-19 22:46:40', 13),
(4, 505888886, 23, 478690760, 68, 'Gespeichert', 0, 0, 0, '2015-06-19 22:46:40', 4),
(5, 505888886, 25, 478690760, 69, 'Gespeichert', 0, 0, 0, '2015-06-19 22:46:40', 35),
(6, 505888886, 40, 478690760, 90, 'Gespeichert', 0, 0, 0, '2015-06-19 22:46:40', 13),
(7, 505888886, 13, 468082585, 23, 'Gespeichert', 0, 0, 0, '2015-06-19 22:46:40', 33),
(8, 1807488793, 32, 468082585, 0, 'Gespeichert', 0, 0, 0, '2015-06-19 22:46:40', 12),
(9, 1807488793, 50, 468082585, 35, 'Gespeichert', 0, 0, 0, '2015-06-19 22:46:40', 1),
(10, 1807488793, 10, 468082585, 53, 'Gespeichert', 0, 0, 0, '2015-06-19 22:46:40', 5),
(11, 292949400, 12, 468082585, 63, 'Gespeichert', 0, 0, 0, '2015-06-19 22:46:40', 4),
(12, 292949400, 41, 468082585, 46, 'Gespeichert', 0, 0, 0, '2015-06-19 22:46:40', 50),
(13, 292949400, 39, 468082585, 75, 'Gespeichert', 0, 0, 0, '2015-06-19 22:46:40', 35),
(14, 292949400, 3, 1202482394, 37, 'Gespeichert', 0, 0, 0, '2015-06-19 22:46:40', 45),
(15, 292949400, 34, 1202482394, 84, 'Gespeichert', 0, 0, 0, '2015-06-19 22:46:40', 37),
(16, 307322685, 36, 1202482394, 73, 'Gespeichert', 0, 0, 0, '2015-06-19 22:46:40', 24),
(17, 307322685, 23, 1202482394, 93, 'Gespeichert', 0, 0, 0, '2015-06-19 22:46:40', 25),
(18, 307322685, 20, 1202482394, 20, 'Gespeichert', 0, 0, 0, '2015-06-19 22:46:40', 36),
(19, 307322685, 19, 1202482394, 60, 'Gespeichert', 0, 0, 0, '2015-06-19 22:46:40', 28),
(20, 307322685, 49, 1456422623, 79, 'Gespeichert', 0, 0, 0, '2015-06-19 22:46:40', 24),
(21, 1053062640, 32, 1456422623, 67, 'Gespeichert', 0, 0, 0, '2015-06-19 22:46:40', 2),
(22, 1053062640, 2, 1456422623, 20, 'Gespeichert', 0, 0, 0, '2015-06-19 22:46:40', 1),
(23, 1053062640, 5, 1456422623, 69, 'Gespeichert', 0, 0, 0, '2015-06-19 22:46:40', 35),
(24, 1053062640, 7, 1456422623, 46, 'Gespeichert', 0, 0, 0, '2015-06-19 22:46:40', 34),
(25, 1053062640, 8, 1456422623, 79, 'Gespeichert', 0, 0, 0, '2015-06-19 22:46:40', 46),
(26, 1053062640, 9, 1010264453, 69, 'Gespeichert', 0, 0, 0, '2015-06-19 22:46:40', 27),
(27, 609227796, 29, 1010264453, 10, 'Gespeichert', 0, 0, 0, '2015-06-19 22:46:40', 28),
(28, 609227796, 28, 1010264453, 42, 'Gespeichert', 0, 0, 0, '2015-06-19 22:46:40', 2),
(29, 609227796, 26, 1010264453, 70, 'Gespeichert', 0, 0, 0, '2015-06-19 22:46:40', 47),
(30, 609227796, 37, 1010264453, 80, 'Gespeichert', 0, 0, 0, '2015-06-19 22:46:40', 28),
(31, 297149516, 3, 12927919, NULL, 'Versendet', 1, 1, 0, '2015-06-20 10:25:42', 22),
(32, 469382991, 3, 122911147, 40, 'Absage', 1, 1, 0, '2015-06-20 10:26:35', 34),
(33, 2075804532, 3, 133834026, 37, 'Absage', 1, 1, 0, '2015-06-20 10:27:00', 5),
(34, 1053062640, 3, 133834026, 74, 'Gespeichert', 1, 1, 0, '2015-06-20 10:27:23', 35),
(35, 489247065, 3, 769134351, 59, 'Vorstellungsgespräch', 1, 1, 0, '2015-06-20 10:27:54', NULL),
(36, 2129735525, 3, 769134351, 90, 'Versendet', 1, 1, 0, '2015-06-20 10:28:19', NULL);

--
-- Daten für Tabelle `application_data`
--

INSERT INTO `application_data` (`id`, `application_id`, `file_id`, `created_at`) VALUES
(1, 1, '12278441', '2015-06-20 10:33:55'),
(2, 36, '12278441', '2015-06-20 10:35:54'),
(3, 36, '147792924', '2015-06-20 10:39:10'),
(4, 35, '212422845', '2015-06-20 10:40:07'),
(5, 34, '262305092', '2015-06-20 10:40:31'),
(6, 34, '293363797', '2015-06-20 10:40:52'),
(7, 34, '484008082', '2015-06-20 10:41:14'),
(8, 33, '680670821', '2015-06-20 10:41:49'),
(9, 33, '781606391', '2015-06-20 10:42:05'),
(10, 32, '815738461', '2015-06-20 10:42:26'),
(11, 32, '827358424', '2015-06-20 10:42:47'),
(12, 31, '884625894', '2015-06-20 10:43:08'),
(13, 31, '917513077', '2015-06-20 10:43:25');


--
-- Daten für Tabelle `message_attachments`
--

INSERT INTO `message_attachments` (`id`, `message_id`, `file_id`) VALUES
(1, 2, 73944400),
(2, 4, 212422845),
(3, 1, 147792924);
